종목,기호,거래량,현재가격
동아화성,041930,0.00,"15,800"
SBS미디어홀딩스,101060,186.45K,"2,090"
제노포커스,187420,0.00,"10,750"
씨티씨바이오,060590,0.00,"10,200"
Amosense Co,357580,0.00,"23,400"
KPX홀딩스,092230,1.52K,"66,500"
대보마그네틱,290670,0.00,"32,050"
대원강업,000430,193.54K,"4,260"
사조산업,007160,19.84K,"53,100"
JW생명과학,234080,39.73K,"16,650"
그린케미칼,083420,139.07K,"10,800"
홈센타홀딩스,060560,0.00,"1,970"
Sj Group,306040,0.00,"26,550"
한신공영,004960,46.17K,"21,300"
아이디스,143160,0.00,"25,000"
한농화성,011500,7.43M,"17,550"
서린바이오,038070,0.00,"31,900"
뉴트리,270870,0.00,"28,450"
KEC,092220,1.01M,"2,230"
비보존 헬스케어,082800,0.00,"1,485"
엘오티베큠,083310,0.00,"14,350"
삼영전자,005680,86.13K,"12,600"
KCC건설,021320,0.00,"11,200"
AP위성,211270,0.00,"17,700"
GST,083450,0.00,"27,700"
수젠텍,253840,0.00,"16,900"
쇼박스,086980,0.00,"6,260"
삼익THK,004380,35.32K,"12,150"
아미노로직스,074430,0.00,"2,880"
리드코프,012700,0.00,"9,880"
엔젠바이오,354200,0.00,"20,400"
동남합성,023450,1.24K,"70,700"
동일산업,004890,1.73K,"114,000"
케이피에스,256940,0.00,"14,100"
앤디포스,238090,0.00,"10,750"
동성제약,002210,120.69K,"10,400"
드림시큐리티,203650,0.00,"4,805"
동구바이오제약,006620,0.00,"8,860"
Bridge Bio,288330,0.00,"12,950"
진성티이씨,036890,0.00,"11,650"
경남스틸,039240,0.00,"10,250"
NE능률,053290,0.00,"15,200"
성광벤드,014620,0.00,"8,670"
이크레더블,092130,0.00,"20,600"
뷰노,338220,0.00,"22,150"
퓨쳐켐,220100,0.00,"18,000"
금강공업우,014285,5.42K,"13,750"
에이프로,262260,0.00,"36,000"
대성에너지,117580,713.93K,"8,600"
에스티아이,039440,0.00,"16,300"
대림제지,017650,0.00,"11,500"
미래나노텍,095500,0.00,"4,280"
코리아에프티,123410,0.00,"3,730"
한라IMS,092460,0.00,"6,100"
창해에탄올,004650,0.00,"14,100"
수출포장,002200,9.26K,"26,650"
알에스오토메이션,140670,0.00,"11,900"
이지스레지던스리츠,350520,33.43K,"5,110"
대성엘텍,025440,0.00,"1,010"
서호전기,065710,0.00,"20,250"
나우아이비캐피탈,293580,0.00,"10,600"
T Robotics,117730,0.00,"7,240"
엔바이오니아,317870,0.00,"14,250"
비피도,238200,0.00,"12,800"
동양네트웍스,030790,403.99K,"6,700"
대신밸런스제3호스팩,253590,0.00,"3,025"
세화피앤씨,252500,0.00,"2,170"
플레이디,237820,0.00,"8,090"
영우디에스피,143540,0.00,"2,235"
사조오양,006090,28.25K,"10,650"
메디콕스,054180,0.00,"1,240"
인바이오,352940,0.00,"9,230"
토탈소프트,045340,0.00,"12,700"
제룡산업,147830,0.00,"4,810"
보라티알,250000,0.00,"15,500"
아이스크림에듀,289010,0.00,"7,770"
샘표,007540,1.42K,"45,400"
재영솔루텍,049630,0.00,"1,295"
KR모터스,000040,331.54K,"1,035"
Jlk Inspection,322510,0.00,"6,730"
방림,003610,480.64K,"2,630"
대창단조,015230,41.06K,"7,670"
대륙제관,004780,0.00,"5,890"
유비벨록스,089850,0.00,"14,300"
티플랙스,081150,0.00,"3,940"
유니온,000910,53.88K,"6,320"
덕양산업,024900,128.50K,"3,080"
제이스텍,090470,0.00,"6,900"
휘닉스소재,050090,0.00,"1,220"
래몽래인,200350,0.00,"22,800"
코맥스,036690,0.00,"6,250"
팬젠,222110,0.00,"9,330"
웰크론한텍,076080,0.00,"4,660"
MP그룹,065150,0.00,909
미래에셋맵스리츠,357250,11.78K,"5,010"
천일고속,000650,405.00,"69,400"
이루다,164060,0.00,"12,700"
아이씨케이,068940,0.00,"2,765"
KCI,036670,0.00,"8,970"
Cubes,065560,0.00,"5,770"
현대무벡스,319400,0.00,"3,430"
랩지노믹스,084650,0.00,"31,600"
Novarex,194700,0.00,"43,650"
한국쉘석유,002960,2.14K,"277,000"
지어소프트,051160,0.00,"22,900"
동양피엔에프,104460,0.00,"36,150"
AK 홀딩스,006840,28.88K,"27,700"
인크로스,216050,0.00,"48,000"
농심홀딩스,072710,1.62K,"75,200"
경방,000050,22.09K,"13,600"
세아제강,306200,30.35K,"121,000"
뉴파워프라즈마,144960,0.00,"8,790"
큐리언트,115180,0.00,"30,300"
이아이디,093230,36.28M,415
씨이랩,189330,0.00,"56,700"
썸에이지,208640,0.00,"2,520"
현대리바트,079430,75.15K,"16,900"
진흥기업,002780,1.22M,"2,310"
에스맥,097780,0.00,"1,225"
한세예스24홀딩스,016450,17.50K,"8,550"
조일알미늄,018470,4.50M,"3,390"
휴비스,079980,220.63K,"10,500"
현대비앤지스틸우,004565,653.00,"83,900"
브랜드엑스,337930,0.00,"10,800"
D D Platform REIT,377190,182.60K,"5,300"
싸이토젠,217330,0.00,"60,000"
비츠로셀,082920,0.00,"16,500"
와이팜,332570,0.00,"9,830"
동양,001520,1.08M,"1,640"
일동제약,249420,24.71K,"13,950"
세경하이테크,148150,0.00,"26,900"
세종텔레콤,036630,0.00,600
포스코엠텍,009520,0.00,"8,060"
신대양제지,016590,7.26K,"91,900"
APS홀딩스,054620,0.00,"17,550"
동부건설,005960,108.60K,"15,600"
세진중공업,075580,202.50K,"5,920"
광동제약,009290,138.44K,"8,120"
코아스템,166480,0.00,"20,650"
나스미디어,089600,0.00,"34,900"
선바이오,067370,0.00,"28,200"
동부건설우,005965,8.50K,"52,900"
레인보우로보틱스,277810,0.00,"20,450"
휴메딕스,200670,0.00,"34,150"
코리아오토글라스,152330,0.00,0
금호에이치티,214330,1.57M,"2,470"
삼천리,004690,36.10K,"94,900"
시너지이노베이션,048870,0.00,"4,045"
H Pio Co,357230,0.00,"16,000"
이원다이애그노믹스,245620,0.00,"4,000"
삼화왕관,004450,491.00,"44,000"
영흥철강,012160,221.51K,"1,120"
진양제약,007370,0.00,"7,090"
오디텍,080520,0.00,"7,250"
Dayou AutoParts,290120,0.00,"6,770"
뉴로스,126870,0.00,"2,230"
에이디칩스,054630,0.00,"1,010"
IBKS제10호스팩,299170,0.00,"2,680"
한국큐빅,021650,0.00,"4,650"
동양에스텍,060380,0.00,"4,055"
엠벤처투자,019590,0.00,"1,135"
대한과학,131220,0.00,"10,200"
진양산업,003780,153.40K,"5,990"
소프트캠프,258790,0.00,"3,065"
플랜티넷,075130,0.00,"10,050"
파워넷,037030,0.00,"4,615"
케이비제10호스팩,250930,0.00,"2,330"
로고스바이오,238120,0.00,"10,100"
율호,072770,0.00,"1,995"
해성티피씨,059270,0.00,"20,550"
한익스프레스,014130,46.43K,"6,460"
캐스텍코리아,071850,0.00,"4,620"
정원엔시스,045510,0.00,"2,410"
핸디소프트,220180,0.00,"3,795"
대성파인텍,104040,0.00,"2,440"
메이슨캐피탈,021880,0.00,497
NHN벅스,104200,0.00,"5,990"
하이스틸,071090,723.31K,"3,720"
태양,053620,0.00,"9,360"
Macromill Embrain,169330,0.00,"8,520"
케이탑리츠,145270,736.93K,"1,550"
리더스코스메틱,016100,0.00,"4,090"
피에스엠씨,024850,0.00,"1,705"
코디엠,224060,0.00,272
모아텍,033200,0.00,"7,950"
디에이피,066900,0.00,"3,995"
참엔지니어링,009310,202.90K,"1,385"
우정바이오,215380,0.00,"6,460"
오공,045060,0.00,"4,480"
DKND,263020,0.00,"9,550"
한국바이오젠,318000,0.00,"9,800"
유니트론텍,142210,0.00,"6,000"
디딤,217620,0.00,"2,030"
우리조명,037400,0.00,"3,120"
이씨에스,067010,0.00,"6,290"
바른손,018700,0.00,"2,880"
메타랩스,090370,215.11K,"1,095"
메타바이오메드,059210,0.00,"3,135"
모비스,250060,0.00,"2,420"
에스제이엠,123700,30.32K,"4,725"
에스디바이오센서,137310,936.74K,"49,350"
이마트,139480,176.55K,"173,000"
메리츠금융지주,138040,258.07K,"33,900"
엘엔에프,066970,0.00,"190,400"
현대중공업지주,267250,913.40K,"64,100"
한미사이언스,008930,107.77K,"68,200"
삼성증권,016360,255.97K,"48,500"
유한양행우,000105,792.00,"59,600"
아모레G,002790,194.64K,"50,800"
두산밥캣,241560,246.78K,"40,450"
유한양행,000100,316.67K,"62,900"
한진칼,180640,140.98K,"63,000"
쌍용C&E,003410,992.10K,"8,250"
삼성중공우,010145,683.00,"264,500"
녹십자,006280,65.21K,"344,500"
GS Holdings,078935,5.26K,"37,000"
GS 그룹,078930,354.78K,"43,700"
NH투자증권,005940,807.11K,"13,150"
팬오션,028670,5.34M,"7,340"
GS건설,006360,741.76K,"44,400"
NH 투자증권 우,005945,35.58K,"12,350"
일진머티리얼즈,020150,972.99K,"86,700"
SK머티리얼즈,036490,0.00,"414,900"
삼성중공업,010140,5.90M,"6,140"
한솔케미칼,014680,60.83K,"371,500"
호텔신라우,008775,8.00K,"90,300"
쌍용양회우,003415,0.00,0
동부화재,005830,175.56K,"62,700"
효성첨단소재,298050,156.56K,"860,000"
삼성카드,029780,139.85K,"33,850"
한미약품,128940,19.24K,"295,000"
신풍우,019175,12.87K,"90,000"
한화시스템,272210,1.83M,"18,500"
SK케미칼,285130,174.04K,"283,000"
한국가스공사,036460,854.16K,"40,400"
메리츠화재,000060,246.91K,"29,600"
두산퓨얼셀1우,33626K,33.68K,"15,800"
GS리테일,007070,307.83K,"33,600"
KCC,002380,48.08K,"455,000"
신풍제약,019170,683.11K,"64,100"
CJ Corp,00104K,5.74K,"82,300"
CJ우,001045,1.58K,"62,000"
알테오젠,196170,0.00,"80,300"
CJ대한통운,000120,34.68K,"166,500"
호텔신라,008770,272.12K,"88,900"
OCI,010060,297.61K,"138,500"
두산퓨얼셀,336260,549.52K,"49,050"
씨젠,096530,0.00,"66,200"
메리츠종금증권,008560,1.62M,"5,120"
더존비즈온,012510,279.03K,"105,500"
대한항공,003490,5.11M,"34,250"
S-Oil우,010955,6.73K,"60,500"
두산중공업,034020,8.14M,"20,550"
F&F,383220,45.92K,"731,000"
하이브,352820,223.50K,"268,000"
삼성화재 우선주,000815,6.74K,"172,500"
대한항공우,003495,14.41K,"40,700"
인터불스,158310,0.00,"1,015"
KT&G,033780,428.28K,"81,100"
넷마블,251270,217.36K,"120,000"
에코프로비엠,247540,0.00,"470,600"
삼성화재해상보험,000810,100.86K,"228,500"
고려아연,010130,49.33K,"512,000"
롯데케미칼,011170,187.68K,"256,000"
SK 바이오팜 ,326030,151.78K,"107,000"
한온시스템,018880,728.38K,"16,200"
한화솔루션,009830,902.72K,"40,750"
우리금융지주,316140,2.16M,"11,150"
KT,030200,549.21K,"32,450"
기업은행,024110,969.13K,"10,150"
CJ제일우,097955,5.88K,"201,000"
한국조선해양,009540,1.92M,"102,000"
한화케미칼우,009835,2.01K,"46,100"
LG디스플레이,034220,3.74M,"18,950"
에이치엘비,028300,0.00,"60,300"
현대제철,004020,738.06K,"48,650"
현대글로비스,086280,126.98K,"176,000"
CJ제일제당,097950,42.80K,"430,000"
금호석유우,011785,24.92K,"121,500"
미래에셋대우2우b,00680K,1.71M,"4,880"
미래에셋우,006805,53.55K,"5,880"
LG유플러스,032640,1.07M,"14,800"
현대건설,000720,606.98K,"53,200"
SKC,011790,328.22K,"176,000"
현대건설우,000725,265.00,"187,000"
코웨이,021240,260.47K,"76,000"
한국금융우,071055,23.99K,"67,200"
강원랜드,035250,1.00M,"28,150"
셀트리온제약,068760,0.00,"156,600"
한국타이어,161390,357.50K,"44,900"
금호석유,011780,282.75K,"194,500"
카카오게임,293490,0.00,"68,300"
삼성엔지니어링,028050,4.45M,"26,050"
아모레G우,002795,16.54K,"20,100"
미래에셋대우,006800,4.42M,"8,860"
한국투자금융지주,071050,349.60K,"87,200"
LG이노텍,011070,315.65K,"217,000"
맥쿼리인프라,088980,613.66K,"12,600"
펄어비스,263750,0.00,"87,400"
오리온,271560,110.14K,"122,000"
한일철강,002220,178.82K,"3,570"
성도이엔지,037350,0.00,"5,780"
케이씨에스,115500,0.00,"6,980"
인피니티엔티,016670,0.00,973
링네트,042500,0.00,"6,430"
Npd,198080,0.00,"3,900"
엑트로,290740,0.00,"8,450"
조광페인트,004910,32.81K,"8,230"
화천기공,000850,2.97K,"37,900"
캐리소프트,317530,0.00,"11,950"
대주산업,003310,0.00,"2,500"
경동가스,012320,3.81K,"37,950"
KMH하이텍,052900,0.00,"1,695"
현대통신,039010,0.00,"9,480"
타이거일렉,219130,0.00,"14,000"
데이타솔루션,263800,0.00,"5,050"
중앙에너비스,000440,0.00,"17,450"
오리엔트정공,065500,0.00,671
탑선,180060,0.00,"10,200"
슈프리마에이치큐,094840,0.00,"8,390"
케이에스피,073010,0.00,"2,230"
동국알앤에스,075970,0.00,"4,345"
마니커에프앤지,195500,0.00,"5,020"
에프엔씨엔터,173940,0.00,"5,920"
삼영이엔씨,065570,0.00,"8,230"
코위버,056360,0.00,"8,670"
알파홀딩스,117670,0.00,"3,885"
Dreamcis,223250,0.00,"14,050"
줌인터넷,229480,0.00,0
아이엠,101390,0.00,"1,140"
상신브레이크,041650,51.60K,"4,150"
아이앤씨,052860,0.00,"4,515"
한창,005110,607.72K,"1,300"
성보화학,003080,37.35K,"4,190"
삼정펄프,009770,1.65K,"32,150"
이엑스티,226360,0.00,"1,735"
우리넷,115440,0.00,"8,850"
디이엔티,079810,0.00,"6,200"
세원정공,021820,0.00,"8,090"
해성옵틱스,076610,0.00,982
KB오토시스,024120,0.00,"6,840"
오스템,031510,0.00,"3,025"
서연탑메탈,019770,0.00,"7,540"
한일사료,005860,0.00,"2,055"
영인프런티어,036180,0.00,"2,550"
무림SP,001810,0.00,"3,395"
동우팜투테이블,088910,0.00,"3,020"
우성사료,006980,5.52K,"31,050"
파수,150900,0.00,"7,280"
로보로보,215100,0.00,"3,840"
원티드랩,376980,0.00,"65,900"
파워로직스,047310,0.00,"9,210"
에이비온,203400,0.00,"22,950"
에이비온,203400,0.00,"22,950"
바이오리더스,142760,0.00,"15,150"
노바텍,285490,0.00,"30,500"
펌텍코리아,251970,0.00,"25,100"
에스씨엠생명과학,298060,0.00,"26,000"
나이벡,138610,0.00,"36,800"
무학,033920,535.20K,"11,100"
연우,115960,0.00,"25,850"
덱스터,206560,0.00,"13,650"
한국정보통신,025770,0.00,"8,710"
자화전자,033240,121.15K,"18,900"
에이스토리,241840,0.00,"38,900"
동국S&C,100130,0.00,"5,680"
동성화인텍,033500,0.00,"11,350"
비츠로테크,042370,0.00,"12,500"
부국증권우,001275,424.00,"23,000"
두올산업,078590,0.00,"2,380"
지니뮤직,043610,0.00,"5,580"
올리패스,244460,0.00,"12,000"
LB Lusem Co,376190,0.00,"12,600"
엘브이엠씨,900140,212.08K,"3,265"
삼진제약,005500,27.37K,"25,450"
위닉스,044340,0.00,"19,900"
BYC,001460,74.00,"474,500"
와이솔,122990,0.00,"11,300"
레이크머티리얼즈,281740,0.00,"4,860"
켐트로스,220260,0.00,"11,750"
마크로젠,038290,0.00,"31,400"
신도리코,029530,11.78K,"31,800"
카이노스메드,284620,0.00,"3,000"
TYM,002900,1.11M,"2,275"
하이트진로홀딩스,000140,20.76K,"14,250"
하림,136480,0.00,"2,915"
와이지-원,019210,0.00,"9,810"
아이에이,038880,0.00,"1,050"
현대비앤지스틸,004560,214.64K,"18,850"
나이스정보통신,036800,0.00,"33,600"
덕산하이메탈,077360,0.00,"14,000"
유비쿼스홀딩스,078070,0.00,"18,250"
대한제당우,001795,77.47K,"3,480"
이지홀딩스,035810,0.00,"4,620"
광주신세계,037710,11.46K,"196,000"
오로스테크놀로지,322310,0.00,"31,600"
선광,003100,0.00,"52,700"
와이엠티,251370,0.00,"19,600"
태광,023160,0.00,"11,800"
태림포장,011280,209.70K,"4,335"
아이티센,124500,0.00,"4,965"
IBKS제6호스팩,264850,0.00,"3,425"
iMBC,052220,0.00,"4,400"
휴비츠,065510,0.00,"9,540"
우진플라임,049800,90.77K,"4,820"
컬러레이,900310,0.00,"1,880"
남성,004270,263.52K,"3,110"
신화인터텍,056700,0.00,"3,340"
빅솔론,093190,0.00,"6,100"
Onda Entertainment,196450,0.00,"2,405"
동일금속,109860,0.00,"15,000"
유안타제6호스팩,340360,0.00,"2,205"
비엠티,086670,0.00,"11,800"
일경산업개발,078940,0.00,"2,900"
스페코,013810,0.00,"6,530"
제룡전기,033100,0.00,"6,300"
한국유니온제약,080720,0.00,"12,250"
제일제강,023440,0.00,"2,900"
비비안,002070,189.93K,"3,235"
화신정공,126640,0.00,"2,640"
옴니시스템,057540,0.00,"2,135"
에스씨디,042110,0.00,"1,985"
SG&G,040610,0.00,"2,600"
현우산업,092300,0.00,"6,200"
윈팩,097800,0.00,"2,270"
KH 일렉트론,111870,0.00,898
대창솔루션,096350,0.00,603
인포뱅크,039290,0.00,"11,250"
장원테크,174880,0.00,"4,765"
인콘,083640,0.00,"2,145"
사조씨푸드,014710,40.85K,"5,450"
바이온,032980,0.00,"1,475"
프리엠스,053160,0.00,"17,100"
피씨디렉트,051380,0.00,"13,100"
하이제4호스팩,317240,0.00,"1,060"
한송네오텍,226440,0.00,"1,550"
엔투텍,227950,0.00,"1,695"
에이치엔에스하이텍,044990,0.00,"12,700"
대구백화점,006370,19.42K,"11,350"
바이오코아,216400,0.00,"12,300"
모나미,005360,103.93K,"4,915"
유성기업,002920,123.52K,"3,540"
아진엑스텍,059120,0.00,"9,570"
대신정보통신,020180,0.00,"2,255"
동방아그로,007590,32.48K,"7,580"
앤씨앤,092600,0.00,"4,050"
링크제니시스,219420,0.00,"8,180"
하이즈항공,221840,0.00,"5,480"
바른손이앤에이,035620,0.00,"1,360"
까스텔바작,308100,0.00,"14,150"
대한광통신,010170,0.00,"3,390"
모트렉스,118990,0.00,"6,150"
이지웰페어,090850,0.00,"10,600"
에스퓨얼셀,288620,0.00,"34,400"
모토닉,009680,48.00K,"11,350"
태웅,044490,0.00,"12,500"
효성ITX,094280,12.50K,"20,450"
흥국화재,000540,34.46K,"3,800"
비즈니스온,138580,0.00,"20,950"
삼화페인트,000390,27.02K,"10,150"
노루페인트우,090355,4.31K,"22,250"
파세코,037070,0.00,"19,300"
바이오다인,314930,0.00,"39,200"
깨끗한나라우,004545,989.00,"23,800"
코윈테크,282880,0.00,"25,850"
내츄럴엔도텍,168330,0.00,"8,510"
광림,014200,0.00,"3,260"
켐온,217600,0.00,"3,870"
피에스케이,031980,0.00,"11,500"
아시아나IDT,267850,896.05K,"22,700"
삼목에스폼,018310,0.00,"15,750"
에이텍,045660,0.00,"31,800"
에스피지,058610,0.00,"11,200"
액션스퀘어,205500,0.00,"6,160"
엔시스,333620,0.00,"23,150"
레이언스,228850,0.00,"15,150"
Obigo,352910,0.00,"20,600"
디아이씨,092200,4.87M,"5,750"
원방테크,053080,0.00,"19,400"
케이아이엔엑스,093320,0.00,"47,450"
벽산,007210,971.17K,"4,010"
삼기,122350,0.00,"6,070"
금강공업,014280,92.50K,"8,300"
디케이티,290550,0.00,"13,800"
한양증권,001750,18.42K,"18,950"
아트라스BX,023890,0.00,0
제이씨케미칼,137950,0.00,"10,250"
하이비젼시스템,126700,0.00,"16,750"
유일에너테크,340930,0.00,"22,200"
와이엔텍,067900,0.00,"13,100"
해태제과식품,101530,11.32K,"8,860"
테라젠이텍스,066700,0.00,"7,180"
넥스턴,089140,0.00,"7,780"
네오팜,092730,0.00,"29,200"
디바이스이엔지,187870,0.00,"31,100"
키이스트,054780,0.00,"13,650"
로보스타,090360,0.00,"23,000"
시노펙스,025320,0.00,"3,100"
유비쿼스,264450,0.00,"21,800"
디지털대성,068930,0.00,"8,400"
원익QnC,074600,0.00,"25,350"
에스앤에스텍,101490,0.00,"33,250"
NICE,034310,34.03K,"17,950"
인텔리안테크,189300,0.00,"75,600"
디오,039840,0.00,"45,050"
삼양사우,145995,422.00,"46,100"
아미코젠,092040,0.00,"35,800"
코웰패션,033290,0.00,"7,930"
바텍,043150,0.00,"43,050"
아주캐피탈,033660,0.00,0
일양약품우,007575,1.14K,"32,150"
서울가스,017390,28.79K,"170,500"
코미팜,041960,0.00,"10,150"
대성홀딩스,016710,65.77K,"40,800"
SPC삼립,005610,5.30K,"79,500"
동아에스티,170900,7.18K,"76,500"
삼화콘덴서,001820,57.37K,"61,800"
일진다이아,081000,85.02K,"43,000"
Jetema,216080,0.00,"33,700"
엔지켐생명과학,183490,0.00,"80,600"
지놈앤컴퍼니,314130,0.00,"45,050"
주성엔지니어링,036930,0.00,"12,300"
코오롱플라스틱,138490,24.80M,"16,500"
티케이케미칼,104480,0.00,"7,040"
JW Pharmaceutical,001065,550.00,"34,800"
JW Pharmaceutical,001067,523.00,"60,000"
티앤알바이오팹,246710,0.00,"64,800"
우리기술투자,041190,0.00,"7,980"
HDC,012630,155.95K,"11,100"
서울바이오시스,092190,0.00,"16,650"
애경산업,018250,33.07K,"23,650"
네오위즈,095660,0.00,"28,400"
국전약품,307750,0.00,"14,450"
이오플로우,294090,0.00,"51,500"
풀무원홀딩스,017810,41.72K,"16,750"
동일방직,001530,40.00K,"328,500"
휴온스,243070,0.00,"57,100"
엑세스바이오,950130,0.00,"20,050"
미래에셋생명,085620,129.24K,"4,725"
인스코비,006490,6.45M,"5,960"
삼양식품,003230,9.25K,"81,600"
신흥에스이씨,243840,0.00,"82,800"
안랩,053800,0.00,"70,300"
Kolon Global,003075,11.73K,"35,600"
비에이치,090460,0.00,"19,100"
서흥캅셀,008490,12.26K,"53,900"
 올릭스,226950,0.00,"41,150"
아주IB투자,027360,0.00,"5,060"
현대시멘트,006390,7.17K,"33,600"
CJ헬로비전,037560,700.93K,"7,640"
디지캡,197140,0.00,"6,080"
신화콘텍,187270,0.00,"5,070"
한국정보공학,039740,0.00,"6,100"
기산텔레콤,035460,0.00,"3,300"
지란지교시큐리티,208350,0.00,"5,360"
바이오인프라,266470,0.00,"3,540"
틸론,217880,0.00,"15,150"
서울리거,043710,0.00,"1,180"
지티지웰니스,219750,0.00,"2,995"
진바이오텍,086060,0.00,"5,600"
레드로버,060300,0.00,"1,830"
동원금속,018500,162.13K,"1,010"
진도,088790,95.69K,"3,765"
바이옵트로,222160,0.00,"8,600"
솔루에타,154040,0.00,"3,480"
이앤에치,341310,0.00,"2,740"
성우전자,081580,0.00,"2,960"
나노캠텍,091970,0.00,"1,750"
체리부로,066360,0.00,"1,810"
대모,317850,0.00,"5,600"
풍강,093380,0.00,"4,740"
드래곤플라이,030350,0.00,"2,565"
진양화학,051630,32.47K,"3,930"
SP Systems,317830,0.00,"6,170"
체시스,033250,76.24K,"1,460"
한솔PNS,010420,299.72K,"2,260"
뉴보텍,060260,0.00,"1,420"
피델릭스,032580,0.00,"1,380"
원림,005820,11.10K,"22,000"
동원수산,030720,136.36K,"9,750"
에이티세미콘,089530,0.00,"2,490"
한솔인티큐브,070590,0.00,"3,300"
코다코,046070,0.00,"1,205"
에프알텍,073540,0.00,"3,830"
피피아이,062970,0.00,"4,685"
디오메디칼,212310,0.00,"8,210"
국일신동,060480,0.00,"3,960"
셀젠텍,258250,0.00,"11,550"
웰크론강원,114190,0.00,"2,500"
알에프세미,096610,0.00,"4,320"
에스폴리텍,050320,0.00,990
성안,011300,0.00,787
제닉,123330,0.00,"6,490"
육일씨엔에쓰,191410,0.00,"4,560"
에스에이티이엔지,158300,0.00,"14,100"
이에스브이,223310,0.00,"3,320"
동방선기,099410,0.00,"3,320"
엔피케이,048830,0.00,"2,275"
파루,043200,0.00,"1,120"
씨씨에스,066790,0.00,772
두산솔루스,336370,341.09K,"67,600"
바이오니아,064550,0.00,"78,900"
한샘,009240,321.85K,"119,500"
에이치엘비생명과학,067630,0.00,"19,900"
솔루스첨단소재1우,33637K,17.08K,"18,550"
솔루스첨단소재2우B,33637L,4.36K,"30,500"
LS산전,010120,126.53K,"67,600"
오스템임플란트,048260,0.00,"148,300"
영원무역,111770,93.34K,"44,700"
현대엘리베이,017800,193.66K,"48,800"
현대해상,001450,423.40K,"25,000"
두산우,000155,10.04K,"68,200"
두산2우B,000157,2.90K,"120,500"
에스티팜,237690,0.00,"101,800"
제넥신,095700,0.00,"75,400"
HDC현대산업개발,294870,285.66K,"28,000"
한국전력기술,052690,294.82K,"48,750"
LS,006260,109.63K,"66,100"
LX Semicon,108320,0.00,"105,900"
아시아나항공,020560,1.60M,"27,800"
동국제강,001230,1.18M,"18,700"
에코프로,086520,0.00,"104,800"
포스링크,056730,0.00,"1,550"
현대백화점,069960,82.99K,"82,400"
PI첨단소재,178920,196.51K,"60,000"
바른전자,064520,0.00,944
동원시스템즈,014820,98.41K,"65,800"
한전KPS,051600,189.13K,"38,250"
오뚜기,007310,5.88K,"502,000"
후성,093370,3.21M,"19,400"
HK이노엔,195940,0.00,"56,600"
대웅제약,069620,30.76K,"151,500"
Daelim Industrial Co,000215,1.92K,"44,050"
KG동부제철우,016385,134.00,"114,500"
덕산네오룩스,213420,0.00,"67,900"
금호타이어,073240,412.92K,"5,820"
농심,004370,20.55K,"289,500"
Lotte Rental Co,089860,228.24K,"42,900"
티씨케이,064760,0.00,"127,100"
유바이오로직스,206650,0.00,"52,800"
비츠로시스,054220,0.00,"5,430"
두산,000150,118.82K,"97,000"
아프리카TV,067160,0.00,"156,600"
케이엠더블유,032500,0.00,"40,900"
한미반도체,042700,292.18K,"32,400"
JB금융지주,175330,338.25K,"8,370"
데브시스터즈,194480,0.00,"162,700"
에코프로에이치엔,383310,0.00,"102,800"
동진쎄미켐,005290,0.00,"31,000"
DL,000210,240.02K,"70,500"
유안타제8호스팩,367480,0.0,"2,165"
Kb No 20 Spac,342550,0.0,"2,170"
아이피몬스터,223220,0.0,638
스카이문스테크놀로지,033790,0.0,829
미래에셋대우스팩3호,328380,0.0,"2,140"
메디젠휴먼케어,236340,0.0,"6,170"
Hanwha Plus No1 Spac,340440,0.0,"2,820"
IBKS제14호스팩,351320,0.0,"3,310"
하우동천,233990,0.0,976
바이오프로테크,199290,0.0,"2,930"
DB금융스팩8호,367340,0.0,"2,155"
화진,134780,0.0,0
나눔테크,244880,0.0,"2,500"
대신밸런스제8호스팩,336570,0.0,"2,300"
지앤이바이오텍,299480,0.0,"1,035"
Eugene SPAC 7,388800,0.0,"2,360"
대신밸런스제7호스팩,332290,0.0,"2,400"
하이제6호스팩,377400,0.0,"2,270"
SK6호스팩,340350,0.0,"2,140"
신한제4호스팩,277480,0.0,0
유안타제7호스팩,367460,0.0,"2,185"
한화플러스제2호스팩,386580,0.0,"2,870"
한국정밀기계,101680,0.0,"1,440"
코셋,189350,0.0,"2,480"
Eugene Special Purpose Acquisition 4,321260,0.0,"3,410"
한국9호스팩,368770,0.0,"2,460"
교보10호스팩,355150,0.0,"2,195"
IBKS제13호스팩,351340,0.0,"2,210"
이에스산업,241510,0.0,0
에스케이씨에스,224020,0.0,"4,475"
Shinhan 6,333050,0.0,"2,230"
KB No.17 Special Purpose Acquis,317030,0.0,"2,045"
에스엔피제네틱스,086460,0.0,"6,100"
에듀파트너,208890,0.0,"3,505"
Hi Spac 5,340120,0.0,"2,180"
Mirae Asset Daewoo,353490,0.0,"2,175"
데이드림엔터,348840,0.0,"13,100"
에이치엠씨제5호스팩,353060,0.0,"2,130"
엔에이치스팩18호,365590,0.0,"2,340"
아리온,058220,0.0,275
KJ프리텍,083470,0.0,"1,390"
Yuanta 4 Special Purpose Acquisition,313750,0.0,"2,260"
Sk Acpc No 4,307070,0.0,0
DB금융스팩9호,367360,0.0,"2,155"
한국제7호스팩,291210,0.0,0
하나금융15호스팩,341160,0.0,"2,205"
대신밸런스제4호스팩,262830,0.0,0
Korea No 8,310870,0.0,"2,940"
다이오진,271850,0.0,"3,150"
신한제7호스팩,366330,0.0,"2,200"
코미코,183300,0.00,"77,600"
웹젠,069080,0.00,"27,400"
네패스,033640,0.00,"35,200"
흥아해운,003280,2.16M,"5,750"
동원산업,006040,4.22K,"232,000"
젬백스,082270,0.00,"20,100"
두산인프라코어,042670,1.58M,"9,770"
엔케이맥스,182400,0.00,"24,300"
제이콘텐트리,036420,99.74K,"46,700"
LG하우시스우,108670,41.60K,"82,600"
티에스이,131290,0.00,"72,100"
우리종금,010050,1.84M,888
넥센타이어,002350,191.06K,"8,070"
동원F&B,049770,3.04K,"204,000"
파크시스템스,140860,0.00,"114,000"
삼양사,145990,96.44K,"74,100"
이녹스첨단소재,272290,0.00,"41,300"
엠씨넥스,097520,0.00,"41,950"
엠씨넥스,097520,128.09K,"41,950"
삼강엠앤티,100090,0.00,"20,050"
휴온스,084110,0.00,"63,000"
코오롱글로벌,003070,982.58K,"29,850"
동아쏘시오홀딩스,000640,9.70K,"120,000"
국도화학,007690,272.47K,"82,900"
인트론바이오,048530,0.00,"22,800"
LX홀딩스,383800,318.35K,"9,850"
에이스테크,088800,0.00,"16,850"
해성디에스,195870,558.87K,"43,250"
SGC에너지,005090,113.57K,"51,000"
피엔티,137400,0.00,"32,700"
케어젠,214370,0.00,"71,900"
S&T모티브,064960,33.01K,"52,000"
자이언트스텝,289220,0.00,"72,600"
효성중공업,298040,77.88K,"78,400"
롯데하이마트,071840,39.36K,"30,200"
솔브레인홀딩스,036830,0.00,"40,150"
드림텍,192650,435.39K,"10,800"
하림지주,003380,0.00,"9,540"
국일제지,078130,0.00,"5,560"
고려제강,002240,503.28K,"32,600"
DL건설,001880,15.57K,"31,550"
카페24,042000,0.00,"31,450"
덴티움,145720,87.27K,"82,700"
서진시스템,178320,0.00,"37,450"
프레스티지바이오로직스,334970,0.00,"14,500"
테스나,131970,0.00,"49,750"
쿠콘,294570,0.00,"86,600"
안트로젠,065660,0.00,"74,600"
에코마케팅,230360,0.00,"21,500"
쿠쿠홀딩스,192400,43.96K,"22,650"
크라운해태우,005745,1.12K,"15,250"
화성산업,002460,389.43K,"14,450"
코스맥스,044820,20.24K,"18,900"
오상자이엘,053980,0.00,"10,300"
야스,255440,0.00,"13,050"
디씨엠,024090,40.17K,"19,150"
센코,347000,0.00,"20,500"
MG Med,180400,0.00,"7,740"
슈프리마,236200,0.00,"24,850"
HDC현대EP,089470,629.32K,"5,890"
성창기업지주,000180,112.72K,"2,710"
JTC,950170,0.00,"5,070"
이그잭스,060230,0.00,"2,055"
선데이토즈,123420,0.00,"20,550"
대성산업,128820,438.45K,"4,700"
에스트래픽,234300,0.00,"7,990"
가비아,079940,0.00,"13,450"
바이오로그디바이스,208710,0.00,"4,345"
강남젭스코,000860,9.94K,"26,650"
엔비티,236810,0.00,"20,000"
비트컴퓨터,032850,0.00,"10,400"
CJ Seafood,011155,245.00,"39,750"
Keyang Electric Machinery Co,012205,2.26K,"7,760"
두올,016740,952.63K,"5,210"
프리시젼바이오,335810,0.00,"15,150"
엠투아이,347890,0.00,"10,000"
에스와이,109610,0.00,"3,800"
태경비케이,014580,265.89K,"6,390"
와이디온라인,052770,0.00,"2,890"
영풍정밀,036560,0.00,"10,650"
우리손에프앤지,073560,0.00,"2,440"
윈스,136540,0.00,"15,900"
핑거,163730,0.00,"18,150"
동양철관,008970,1.35M,"1,485"
오르비텍,046120,0.00,"6,900"
위더스제약,330350,0.00,"12,650"
청보산업,013720,0.00,"3,280"
이노메트리,302430,0.00,"16,950"
Remed,302550,0.00,"29,500"
라이온켐텍,171120,0.00,"10,800"
대창,012800,618.66K,"2,145"
코스메카코리아,241710,0.00,"15,700"
대유플러스,000300,1.58M,"1,380"
동아타이어,282690,11.89K,"12,500"
3S,060310,0.00,"3,905"
한솔홀딩스,004150,64.72K,"4,085"
P H Tech Co,239890,0.00,"38,000"
P&K 스킨리서치,347740,0.00,"22,400"
코프라,126600,0.00,"8,250"
대양금속,009190,477.88K,"5,450"
남광토건,001260,15.37K,"14,700"
국순당,043650,0.00,"8,730"
대원화성,024890,975.15K,"3,415"
경창산업,024910,0.00,"3,955"
SBS콘텐츠허브,046140,0.00,"7,430"
부방,014470,0.00,"2,585"
파나진,046210,0.00,"4,400"
제노레이,122310,0.00,"9,820"
브이원텍,251630,0.00,"9,670"
보락,002760,1.87M,"2,290"
케이맥,043290,0.00,0
고려신용정보,049720,0.00,"10,050"
한국테크놀로지,053590,0.00,"1,100"
엔브이에이치코리아,067570,0.00,"4,240"
코리아나,027050,0.00,"4,390"
팬엔터테인먼트,068050,0.00,"5,390"
형지엘리트,093240,462.71K,"3,705"
글로본,019660,0.00,"4,315"
보해양조,000890,717.21K,"1,000"
인지디스플레,037330,0.00,"3,190"
바이오씨앤디,217950,0.00,"34,400"
피제이전자,006140,0.00,"9,080"
대명소노시즌,007720,0.00,"1,415"
SNT에너지,100840,270.62K,"20,900"
삼원강재,023000,21.76K,"3,370"
디알젬,263690,0.00,"12,650"
유유제약,000220,88.20K,"8,170"
일진디스플,020760,53.72K,"4,020"
프로스테믹스,203690,0.00,"3,045"
바이오톡스텍,086040,0.00,"9,700"
씨엠에스에듀,225330,0.00,"7,400"
유진로봇,056080,0.00,"3,595"
부산산업,011390,2.50K,"137,000"
나인테크,267320,0.00,"3,390"
대원산업,005710,0.00,"6,800"
광진윈텍,090150,0.00,"8,510"
지엠비코리아,013870,51.71K,"7,070"
SM Life Design,063440,0.00,"3,115"
디에이테크놀로지,196490,0.00,"5,800"
토니모리,214420,20.72K,"7,430"
컴퍼니케이,307930,0.00,"8,590"
솔본,035610,0.00,"5,880"
이테크건설,016250,0.00,"70,100"
젬백스링크,064800,0.00,"1,620"
휴스틸,005010,203.68K,"17,700"
에스엔유,080000,0.00,"3,895"
쎌바이오텍,049960,0.00,"19,250"
디와이,013570,71.43K,"5,360"
대성창투,027830,0.00,"3,310"
한빛소프트,047080,0.00,"5,300"
DSR제강,069730,1.62M,"9,330"
광전자,017900,113.42K,"2,775"
디스플레이텍,066670,0.00,"8,310"
덕우전자,263600,0.00,"8,340"
모베이스전자,012860,0.00,"1,970"
한화갤러리아타임월드,027390,0.00,0
유니온머티리얼,047400,176.33K,"3,130"
하츠,066130,0.00,"10,350"
핸즈코퍼레이션,143210,112.84K,"5,710"
에스텍파마,041910,0.00,"10,900"
인팩,023810,91.15K,"12,700"
SDN,099220,0.00,"2,455"
대현,016090,3.34M,"3,080"
애니젠,196300,0.00,"23,900"
이지스밸류플러스리츠,334890,58.62K,"5,630"
인트로메딕,150840,0.00,"3,430"
아진산업,013310,0.00,"3,310"
단디바이오,343090,0.00,"22,050"
아비코전자,036010,0.00,"9,540"
안국약품,001540,0.00,"11,450"
경남제약,053950,0.00,"7,020"
Mercury,100590,0.00,"8,880"
신일전자,002700,763.22K,"1,855"
대림B&Co,005750,42.71K,"7,450"
한창제지,009460,229.19K,"2,155"
인성정보,033230,0.00,"3,630"
대원,007680,0.00,"9,660"
한양디지텍,078350,0.00,"9,160"
젠큐릭스,229000,0.00,"20,050"
모바일어플라이언스,087260,0.00,"3,995"
신도기연,290520,0.00,"15,900"
세원이앤씨,091090,325.94K,938
서울식품,004410,3.61M,348
원텍,216280,0.00,"29,500"
정산애강,022220,0.00,"2,365"
아이오케이,078860,0.00,"1,565"
기신정기,092440,45.78K,"4,370"
우리들휴브레인,118000,135.70K,"1,770"
DRB동일,004840,58.86K,"6,540"
NI스틸,008260,49.13K,"4,360"
KPX생명과학,114450,0.00,"8,590"
제이씨현시스템,033320,0.00,"6,670"
남화토건,091590,0.00,"10,750"
알리코제약,260660,0.00,"8,420"
제이스테판,096690,0.00,817
크라운제과,264900,36.88K,"10,300"
버추얼텍,036620,0.00,"1,680"
나라엠앤디,051490,0.00,"9,300"
STX,011810,230.44K,"4,630"
에이에프더블류,312610,0.00,"6,210"
제주맥주,276730,0.00,"2,995"
신일제약,012790,0.00,"15,200"
트루윈,105550,0.00,"8,520"
이노뎁,303530,0.00,"21,050"
엠아이텍,179290,0.00,"5,410"
블루콤,033560,0.00,"9,350"
디에스케이,109740,0.00,"8,410"
아바코,083930,0.00,"11,800"
진양홀딩스,100250,56.48K,"3,055"
한컴MDS,086960,0.00,"19,700"
오텍,067170,0.00,"11,750"
사조동아원,008040,755.42K,"1,320"
대양전기공업,108380,0.00,"17,550"
에넥스,011090,2.33M,"2,780"
크라운제과우,26490K,7.13K,"15,350"
신세계건설,034300,9.36K,"41,700"
제주반도체,080220,0.00,"5,010"
고려개발,004200,0.00,0
비씨월드제약,200780,0.00,"19,150"
예스코,015360,2.75K,"38,500"
옵티팜,153710,0.00,"11,450"
글로벌텍스프리,204620,0.00,"3,480"
신원,009270,4.24M,"2,865"
엠게임,058630,0.00,"8,330"
Femtobiomed,327610,0.00,"19,900"
클리노믹스,352770,0.00,"12,650"
골드퍼시픽,038530,0.00,"2,170"
신테카바이오,226330,0.00,"12,100"
미투온,201490,0.00,"5,340"
오리엔트바이오,002630,1.28M,"1,410"
이화전기,024810,0.00,"1,965"
모나리자,012690,67.60K,"4,370"
현대약품,004310,87.09K,"5,900"
신흥,004080,16.50K,"17,400"
대한화섬,003830,582.00,"143,000"
천랩,311690,0.00,"41,450"
SBI핀테크솔루션즈,950110,0.00,"7,170"
에스엠코어,007820,0.00,"8,000"
엑셈,205100,0.00,"4,920"
이스타코,015020,3.13M,"4,125"
디와이파워,210540,45.36K,"13,500"
제노코,361390,0.00,"63,800"
제이엔케이히터,126880,0.00,"6,920"
AT Tech,073570,0.00,"1,945"
한국패러랠,168490,3.97K,"2,055"
와이엠씨,155650,0.00,"8,470"
한국경제TV,039340,0.00,"7,340"
한국석유,004090,538.72K,"12,550"
메가스터디,072870,0.00,"13,550"
서플러스글로벌,140070,0.00,"4,415"
영진약품,003520,244.02K,"5,200"
미원에스씨,268280,4.29K,"199,000"
SBS,034120,143.39K,"57,000"
ESR켄달스퀘어리츠,365550,198.64K,"6,630"
툴젠,199800,0.00,"145,700"
대상우,001685,1.60K,"18,900"
Samyang Holdings,000075,579.00,"70,000"
삼양홀딩스,000070,35.13K,"118,500"
코리안리,003690,191.70K,"9,330"
SK디스커버리,006120,60.63K,"48,900"
유안타우,003475,11.93K,"4,265"
네오이뮨텍,950220,0.00,"9,570"
심텍,222800,0.00,"29,950"
쿠쿠홈시스,284740,21.85K,"41,600"
파미셀,005690,1.21M,"15,450"
넥센타이어1우B,002355,1.42K,"3,685"
GS홈쇼핑,028150,0.00,0
현대일렉트릭,267260,363.31K,"25,900"
LG하우시스우,108675,1.02K,"38,800"
서울반도체,046890,0.00,"15,800"
에이비엘바이오,298380,0.00,"19,800"
메디톡스,086900,0.00,"162,700"
한세실업,105630,328.30K,"22,750"
메가스터디교육,215200,0.00,"74,100"
대한해운,005880,1.44M,"2,910"
파마리서치프로덕트,214450,0.00,"89,700"
아난티,025980,0.00,"11,850"
골프존,215000,0.00,"141,200"
제주항공,089590,219.59K,"23,900"
제이알글로벌,348950,1.00M,"5,540"
대덕전자,353200,1.02M,"17,300"
엘앤씨바이오,290650,0.00,"38,950"
SK리츠,395400,3.18M,"5,740"
RFHIC,218410,0.00,"33,700"
현대건설기계,267270,64.53K,"41,700"
대상,001680,98.18K,"24,500"
한섬,020000,47.71K,"41,650"
아이진,185490,0.00,"45,850"
경동나비엔,009450,62.01K,"63,500"
나노스,151910,0.00,"5,660"
유안타증권,003470,375.36K,"4,125"
현대그린푸드,005440,148.24K,"9,580"
롯데 제과,280360,4.59K,"131,500"
헬릭스미스,084990,0.00,"25,450"
한진중공업,097230,1.37M,"9,670"
부산가스,015350,255.48K,"84,300"
유나이티드제약,033270,368.67K,"54,400"
한국파마,032300,0.00,"67,800"
한국단자,025540,32.52K,"77,900"
현대홈쇼핑,057050,15.11K,"72,400"
Samsung Must SPAC 5,380320,0.0,"4,895"
THE MIDONG,161570,0.0,"1,545"
파인이엠텍,278990,0.0,"7,400"
굿센,243870,0.0,"16,300"
크루셜텍,114120,0.0,"1,065"
이노벡스,279060,0.0,"3,540"
지오씨,135160,0.0,"2,445"
루트락,253610,0.0,"2,945"
이노진,344860,0.0,"12,100"
세동,053060,0.0,"1,190"
플럼라인생명과학,222670,0.0,"7,830"
에코마이스터,064510,0.0,550
진코스텍,250030,0.0,"8,700"
일야,058450,0.0,685
현진소재,053660,0.0,400
엔에스엠,238170,0.0,"1,070"
Equis N Zaroo,058530,0.0,"1,620"
엄지하우스,224810,0.0,"5,760"
DB라이텍,045890,0.0,240
이비테크,208850,0.0,"7,180"
에이아이비트,039230,0.0,174
자안바이오,221610,0.0,"2,995"
지코,010580,0.0,306
소리바다,053110,0.0,"3,960"
TTC Defence,309900,0.0,"1,950"
한화에스비아이스팩,317320,0.0,"4,350"
Korea Miracle People,331660,0.0,"17,500"
씨알푸드,236030,0.0,"9,000"
Hana Financial Seventeen Special Purpose Acquisiti,363260,0.0,"2,810"
포티스,141020,0.0,108
대동고려삼,178600,0.0,"4,310"
S&W,103230,0.0,"2,505"
나우코스,257990,0.0,"6,400"
유진스팩5호,331380,0.0,"4,395"
아이케이세미콘,149010,0.0,"6,010"
크로넥스,215570,0.0,"5,140"
에스엠비나,299670,0.0,"3,130"
UCI,038340,0.0,445
대신밸런스제9호스팩,369370,0.0,"3,865"
폭스소프트,354230,0.0,0
케이비제18호,323940,0.0,"2,090"
볼빅,206950,0.0,"3,840"
뿌리깊은나무들,266170,0.0,"2,850"
케어룸의료산업,327970,0.0,"13,000"
Nh Spac 17,359090,0.0,"2,155"
유안타제5호스팩,336060,0.0,"2,500"
상상인이안1호스팩,307870,0.0,"3,290"
MPC Ltd,050540,0.0,282
테크트랜스,258050,0.0,"2,000"
원포유,122830,0.0,"2,090"
한국항공우주,047810,1.56M,"33,150"
효성티앤씨,298020,45.48K,"713,000"
씨에스윈드,112610,338.10K,"72,500"
CJ ENM,035760,0.00,"152,200"
SK케미칼우,28513K,31.16K,"156,000"
대우조선해양,042660,465.14K,"26,750"
포스코인터내셔널,047050,1.83M,"23,500"
코오롱인더,120110,1.26M,"111,500"
롯데쇼핑,023530,50.93K,"106,000"
리노공업,058470,0.00,"189,100"
키움증권,039490,67.04K,"116,500"
BGF,282330,26.28K,"172,500"
DL E C Co,37550K,6.20K,"77,100"
CJ 그룹,001040,70.03K,"102,000"
현대오토에버,307950,48.19K,"105,500"
대우 건설,047040,1.40M,"6,980"
동서,026960,175.82K,"29,500"
현대미포조선,010620,1.04M,"70,700"
에스원,012750,64.63K,"85,900"
DL E C Co,375500,85.92K,"138,000"
DB하이텍1우,000995,184.00,"106,000"
만도,204320,295.15K,"61,000"
위메이드,112040,0.00,"76,500"
휠라코리아,081660,332.96K,"45,900"
Iljin HySolus,271940,413.12K,"74,700"
신세계,004170,70.92K,"272,000"
천보,278280,0.00,"272,900"
현대로템,064350,918.54K,"24,700"
Hanwha,00088K,81.26K,"16,550"
한화우,000885,1.12K,"41,800"
BNK 금융그룹,138930,1.57M,"8,120"
한화에어로스페이스 ,012450,491.82K,"51,600"
한국비엔씨,256840,0.00,"54,500"
롯데지주,004990,130.94K,"34,600"
DB하이텍,000990,523.39K,"56,700"
스튜디오드래곤,253450,0.00,"85,100"
한화생명,088350,3.26M,"3,390"
효성,004800,57.53K,"122,500"
한화,000880,332.76K,"34,650"
하이트진로2우,000087,2.47K,"21,000"
하이트진로,000080,271.82K,"33,400"
롯데정밀화학,004000,407.27K,"93,000"
솔브레인,357780,0.00,"291,000"
제일기획,030000,578.62K,"22,050"
휴젤,145020,0.00,"185,000"
대한전선,001440,12.31M,"2,525"
Kolon Industries,120115,237.74K,"51,500"
현대위아,011210,152.28K,"82,000"
오렌지라이프,079440,0.00,0
원익IPS,240810,0.00,"43,300"
인포바인,115310,0.00,"25,400"
브리지텍,064480,0.00,"4,965"
시큐브,131090,0.00,"1,370"
자이글,234920,0.00,"3,885"
폴루스바이오팜,007630,0.00,"1,225"
다믈멀티미디어,093640,0.00,"4,120"
포메탈,119500,0.00,"4,415"
우진아이엔에스,010400,5.93K,"8,100"
루멘스,038060,0.00,"1,050"
SJM홀딩스,025530,10.42K,"3,860"
시티랩스,139050,0.00,598
네이블,153460,0.00,"7,750"
피앤씨테크,237750,0.00,"7,840"
비플라이소프트,148780,0.00,"11,750"
아이디피,332370,0.00,"7,860"
티피씨글로벌,130740,0.00,"4,595"
서진오토모티브,122690,0.00,"2,810"
부스타,008470,0.00,"6,250"
제일테크노스,038010,0.00,"6,170"
일지테크,019540,0.00,"3,960"
CSA 코스믹,083660,0.00,"1,510"
성문전자우,014915,4.14K,"9,570"
파인디지털,038950,0.00,"6,210"
인베니아,079950,0.00,"2,325"
한창산업,079170,0.00,"9,420"
좋은사람들,033340,0.00,"1,055"
마이더스AI,222810,0.00,379
팬스타엔터프라이즈,054300,0.00,975
세원물산,024830,0.00,"6,280"
오파스넷,173130,0.00,"4,190"
세진티에스,067770,0.00,"6,280"
IBKS제5호스팩,254120,0.00,"2,315"
코디,080530,0.00,"1,810"
해덕파워웨이,102210,0.00,0
이화산업,000760,2.40K,"17,400"
티엘아이,062860,0.00,"6,730"
제이에스티나,026040,0.00,"3,390"
티씨엠생명과학,228180,0.00,0
전방,000950,8.95K,"44,200"
씨유메디칼,115480,0.00,"1,195"
빛샘전자,072950,0.00,"7,840"
한중엔시에스,107640,0.00,"13,000"
스맥,099440,0.00,"1,795"
케이씨피드,025880,0.00,"3,035"
애드바이오텍,179530,0.00,"10,250"
Hana Financial Thirteen Spac,320000,0.00,"2,660"
동일기연,032960,0.00,"15,000"
제이엠아이,033050,0.00,"1,540"
에이리츠,140910,48.79K,"11,250"
성문전자,014910,302.51K,"2,525"
일양약품,007570,57.47K,"32,000"
Ajusteel Co,139990,208.40K,"20,700"
위지윅스튜디오,299900,0.00,"16,650"
다원시스,068240,0.00,"19,000"
락앤락,115390,49.64K,"11,500"
KH바텍,060720,0.00,"25,100"
CMG제약,058820,0.00,"4,220"
네패스아크,330860,0.00,"46,700"
한라홀딩스,060980,693.36K,"55,200"
BGF,027410,154.80K,"6,080"
코오롱,002020,1.09M,"40,300"
넵튠,217270,0.00,"18,950"
AJ 렌터카,068400,28.83K,"12,550"
코리아센터,290510,0.00,"7,530"
한국자산신탁,123890,683.65K,"4,685"
한국토지신탁,034830,6.03M,"2,650"
아세아시멘트,183190,7.22K,"136,000"
롯데정보통신,286940,25.78K,"37,700"
세아제강,003030,18.00K,"130,000"
인선이엔티,060150,0.00,"12,750"
KG ETS,151860,0.00,"16,150"
넥스틴,348210,0.00,"56,900"
한진,002320,25.99K,"38,100"
JW중외제약,001060,40.09K,"26,150"
롯데손해보험,000400,226.32K,"1,845"
신성통상,005390,1.52M,"4,005"
율촌화학,008730,193.53K,"26,200"
한글과컴퓨터,030520,0.00,"22,700"
삼표시멘트,038500,0.00,"5,150"
제일약품,271980,12.74K,"37,950"
PSK,319660,0.00,"36,900"
테스,095610,0.00,"28,800"
한라,014790,1.19M,"6,190"
인터파크,035080,0.00,"7,450"
영원무역홀딩스,009970,7.91K,"47,500"
엘비세미콘,061970,0.00,"12,600"
원익피앤이,131390,0.00,"36,650"
바이넥스,053030,0.00,"17,300"
파인테크닉스,106240,0.00,"11,350"
덕산테코피아,317330,0.00,"29,850"
쎄트렉아이,099320,0.00,"62,500"
Maeil Dairies Co Ltd,267980,0.00,"72,900"
사람인에이치알,143240,0.00,"47,650"
동원개발,013120,0.00,"5,830"
하나마이크론,067310,0.00,"18,300"
유안타제3호스팩,287410,0.00,"7,780"
케이씨텍,281820,57.87K,"25,150"
디피씨,026890,314.40K,"14,550"
서부T&D,006730,0.00,"9,200"
에프에스티,036810,0.00,"28,400"
에이치엔티,176440,0.00,"1,920"
케이사인,192250,0.00,"2,300"
로보티즈,108490,0.00,"14,100"
덴티스,261200,0.00,"11,250"
황금에스티,032560,243.15K,"9,750"
한국화장품,123690,27.33K,"9,920"
서울식품우,004415,2.96K,"4,860"
미원화학,134380,265.00,"79,100"
앱코,129890,0.00,"15,600"
에이텍티앤,224110,0.00,"29,950"
유라테크,048430,0.00,"15,650"
삼성공조,006660,171.32K,"19,500"
라이트론,069540,0.00,"5,600"
중앙백신,072020,0.00,"15,950"
계양전기,012200,89.41K,"4,420"
인터파크,108790,0.00,0
삼익악기,002450,164.74K,"1,885"
DSC인베스트먼트,241520,0.00,"5,520"
양지사,030960,0.00,"11,400"
줌인터넷,239340,0.00,"5,670"
이원컴포텍,088290,0.00,"7,080"
대한방직,001070,4.29K,"43,600"
DeepNoid,315640,0.00,"34,350"
나이스디앤비,130580,0.00,"10,150"
제놀루션,225220,0.00,"17,000"
엠플러스,259630,0.00,"13,100"
라온테크,232680,0.00,"30,000"
대원전선,006340,981.94K,"2,005"
이엠넷,123570,0.00,"6,970"
수산중공업,017550,317.60K,"2,850"
DSR,155660,1.21M,"9,700"
한스바이오메드,042520,0.00,"15,700"
The E&M,089230,0.00,886
한국공항,005430,10.89K,"52,600"
포인트엔지니어링,176560,0.00,0
에이씨티,138360,0.00,"4,480"
에브리봇,270660,0.00,"25,000"
에브리봇,270660,0.00,"25,000"
푸른저축은행,007330,0.00,"12,900"
에이프로젠 H&G,109960,0.00,821
극동유화,014530,1.65M,"4,400"
팜젠사이언스,004720,637.08K,"14,200"
STX중공업,071970,417.82K,"5,180"
에이테크솔루션,071670,0.00,"15,600"
한솔홈데코,025750,557.13K,"1,880"
피제이메탈,128660,0.00,"5,980"
캠시스,050110,0.00,"2,040"
이건산업,008250,107.88K,"13,850"
수산아이앤티,050960,0.00,"21,400"
케이프,064820,0.00,"4,715"
태양기계,116100,0.0,800
주노콜렉션,221670,0.0,0
하나니켈1호,099340,0.0,0
오션스톤,329020,0.0,"5,800"
대주에너지,114920,0.0,"1,310"
타임기술,318660,0.0,"2,200"
에스에프씨,112240,0.0,0
에스알바이오텍,270210,0.0,"5,280"
위월드,140660,0.0,"1,600"
에스모,073070,0.0,0
비엔디생활건강,215050,0.0,"1,635"
엔지브이아이,093510,0.0,650
엘피케이,183350,0.0,0
씨앤에스링크,245450,0.0,"2,255"
인터코스,240340,0.0,999
엘리비젼,276240,0.0,551
모다,149940,0.0,0
아이엠텍,226350,0.0,0
행남사,008800,0.0,0
화신테크,086250,0.0,0
에스앤씨엔진그룹,900080,0.0,0
신한,005450,0.0,0
인프라웨어테크놀러지,247300,0.0,0
앙츠,267810,0.0,"1,465"
하나니켈2호,099350,0.0,0
유쎌,252370,0.0,0
맥스로텍,141070,0.0,0
웅진에너지,103130,0.0,0
SGA임베디드,224880,0.0,0
KT Roll,122800,0.0,0
차이나그레이트,900040,0.0,0
퓨전데이타,195440,0.0,0
제낙스,065620,0.0,0
에이코넬,033600,0.0,0
케미메디,205290,0.0,0
팍스넷,038160,0.0,0
KSCB,065940,0.0,0
리드,197210,0.0,0
미애부,225850,0.0,283
데코앤이,017680,0.0,0
엠앤씨생명과학,225860,0.0,75
현성바이탈,204990,0.0,0
이엘케이,094190,0.0,0
Kahee,030270,0.0,0
피앤텔,054340,0.0,0
미래SCI,028040,0.0,0
에스제이케이,080440,0.0,0
씨티네트웍스,189540,0.0,0
Goose & Home,329050,0.0,0
드림티엔터테인먼트,220110,0.0,0
레고켐바이오,141080,0.00,"48,150"
세방전지,004490,75.04K,"85,400"
NHN한국사이버결제,060250,0.00,"51,800"
하나투어,039130,176.67K,"90,500"
이노션,214320,34.98K,"58,900"
CJ CGV,079160,366.08K,"31,300"
한올바이오파마,009420,327.76K,"22,250"
SK네트웍스,001740,777.55K,"5,300"
LIG넥스원,079550,179.49K,"52,000"
셀리드,299660,0.00,"110,900"
삼천당제약,000250,0.00,"51,100"
압타바이오,293780,0.00,"45,400"
지누스,013890,197.47K,"76,800"
미원상사,002840,4.71K,"224,500"
Dongwon Systems,014825,590.00,"37,900"
SFA반도체,036540,0.00,"6,670"
다우기술,023590,61.05K,"25,500"
오스코텍,039200,0.00,"34,700"
콜마비앤에이치,200130,0.00,"36,050"
화승엔터프라이즈,241590,165.10K,"17,750"
한화투자증권,003530,575.25K,"4,700"
보령제약,003850,771.19K,"16,350"
휴켐스,069260,807.19K,"27,750"
현대바이오,048410,0.00,"28,700"
한국콜마,161890,103.27K,"45,950"
씨아이에스,222080,0.00,"16,950"
상아프론테크,089980,0.00,"71,900"
LX인터내셔널,001120,356.05K,"28,950"
포스코 ICT,022100,0.00,"6,960"
신영증권우,001725,1.05K,"62,800"
셀리버리,268600,0.00,"59,000"
한화투자증권우,003535,17.89K,"13,350"
진에어,272450,507.17K,"23,200"
동양생명,082640,517.36K,"6,780"
동국제약,086450,0.00,"23,600"
오리온,001800,153.97K,"16,900"
녹십자랩셀,144510,0.00,"96,700"
세아베스틸,001430,108.53K,"26,950"
하나머티리얼즈,166090,0.00,"53,900"
더블유게임즈,192080,124.67K,"62,500"
유진테크,084370,0.00,"44,100"
태광산업,003240,800.00,"1,144,000"
TY Holdings Co,363280,103.62K,"28,600"
풍산,103140,133.96K,"34,700"
이연제약,102460,159.30K,"54,500"
와이지엔터테인먼트,122870,0.00,"52,900"
아이티엠반도체,084850,0.00,"45,200"
SK디스커버리우,006125,22.81K,"41,250"
GKL,114090,326.49K,"16,150"
SK디앤디,210980,41.57K,"35,350"
아세아텍,050860,0.00,"2,900"
신라에스지,025870,0.00,"14,400"
네오펙트,290660,0.00,"3,175"
와토스코리아,079000,0.00,"7,600"
딜리,131180,0.00,"2,095"
서산,079650,0.00,"2,965"
원풍물산,008290,0.00,"1,500"
백금T&A,046310,0.00,"3,610"
PN풍년,024940,0.00,"6,060"
유니온커뮤니티,203450,0.00,"4,475"
우리로,046970,0.00,"1,910"
샘코,263540,0.00,"2,015"
유테크,178780,0.00,"1,730"
한일화학,007770,0.00,"16,750"
동양고속,084670,3.00K,"22,250"
사조해표,079660,0.00,0
누리플랜,069140,0.00,"8,400"
지에스이,053050,0.00,"2,025"
글로벌에스엠,900070,0.00,"1,035"
네오티스,085910,0.00,"4,620"
Apures,149300,0.00,"2,000"
Shinyoung HappyTomorrow No.2 Special,225590,0.00,"2,095"
상신전자,263810,0.00,"4,045"
휴네시온,290270,0.00,"6,030"
리노스,039980,0.00,"1,495"
대림통상,006570,180.39K,"3,805"
나노,187790,0.00,"2,110"
Uxn,337840,0.00,"21,000"
금비,008870,350.00,"72,000"
성우테크론,045300,0.00,"5,890"
명성티엔에스,257370,0.00,"9,210"
유엔젤,072130,90.09K,"4,880"
Yidobio,336040,0.00,"26,900"
로스웰,900260,0.00,316
관악산업,076340,0.00,"9,730"
지나인제약,078650,0.00,711
마제스타,035480,0.00,0
씨엔플러스,115530,0.00,839
금호전기,001210,190.97K,"3,595"
베셀,177350,0.00,"4,845"
윈하이텍,192390,0.00,"5,030"
형지I&C,011080,0.00,"1,370"
Cowon Systems,056000,0.00,"2,860"
셀바스헬스케어,208370,0.00,"2,595"
화천기계,010660,42.23K,"2,730"
엑사이엔씨,054940,0.00,"1,590"
모바일리더,100030,0.00,"20,000"
동일철강,023790,0.00,"8,360"
서울전자통신,027040,0.00,790
Suprema ID,317770,0.00,"17,900"
크리스탈지노믹스,083790,0.00,"8,030"
교보증권,030610,96.36K,"8,430"
엔에스쇼핑,138250,81.18K,"15,300"
다우데이타,032190,0.00,"13,750"
코스모화학,005420,1.08M,"18,700"
이수앱지스,086890,0.00,"13,650"
에이스침대,003800,0.00,"49,350"
코나아이,052400,0.00,"33,000"
LF,093050,62.09K,"18,300"
큐라클,365270,0.00,"35,850"
신영증권,001720,6.10K,"62,900"
한화손해보험,000370,214.71K,"4,320"
남해화학,025860,521.67K,"11,000"
대한제강,084010,183.84K,"22,000"
한국카본,017960,421.31K,"11,750"
파트론,091700,0.00,"9,850"
빙그레,005180,20.76K,"56,700"
현대에이치씨엔,126560,251.60K,"4,440"
휴마시스,205470,0.00,"18,000"
피씨엘,241820,0.00,"45,850"
이엔에프테크놀로지,102710,0.00,"33,550"
조이시티,067000,0.00,"11,750"
유니테스트,086390,0.00,"24,250"
교촌에프앤비,339770,68.22K,"19,500"
제이앤티씨,204270,0.00,"8,390"
에스에이엠티,031330,0.00,"5,140"
녹십자셀,031390,0.00,"37,700"
태영건설우,009415,2.45K,"14,150"
송원산업,004430,426.82K,"20,050"
크리스에프앤씨,110790,0.00,"43,900"
KG이니시스,035600,0.00,"18,050"
코오롱티슈진,950160,0.00,"8,010"
디앤씨미디어,263720,0.00,"40,950"
지역난방공사,071320,10.90K,"41,750"
고바이오랩,348150,0.00,"29,050"
SK증권우,001515,4.87K,"4,230"
키다리스튜디오,020120,160.42K,"15,400"
한국철강,104700,192.07K,"10,050"
스카이라이프,053210,40.79K,"10,250"
동양우,001525,3.81K,"8,290"
동양2우B,001527,1.49K,"16,100"
오킨스전자,080580,0.00,"27,600"
남양유업우,003925,332.00,"218,000"
이수화학,005950,13.25M,"16,700"
삼성제약,001360,398.46K,"7,030"
SM C&C,048550,0.00,"4,895"
한전산업,130660,2.14M,"13,900"
신성델타테크,065350,0.00,"18,800"
와이아이케이,232140,0.00,"5,730"
KH 필룩스,033180,2.17M,"3,505"
국제약품,002720,256.82K,"6,940"
에이팩트,200470,0.00,"7,010"
KC코트렐,119650,122.57K,"7,290"
삼원테크,073640,0.00,"1,720"
키위미디어그룹,012170,36.65K,"2,065"
매일유업,005990,0.00,"10,200"
한진중공업홀딩스,003480,84.36K,"4,850"
엔에프씨,265740,0.00,"14,000"
아즈텍WB,032080,0.00,"6,060"
CNH,023460,0.00,"3,575"
베노홀딩스,206400,0.00,"5,440"
알엔투테크놀로지,148250,0.00,"17,000"
필로시스,057880,0.00,"1,525"
탑엔지니어링,065130,0.00,"7,910"
나무가,190510,0.00,"9,050"
비아트론,141000,0.00,"10,600"
유에스티,263770,0.00,"5,120"
KC그린홀딩스,009440,104.91K,"5,550"
유화증권,003460,17.13K,"2,730"
서원,021050,1.28M,"2,550"
조비,001550,53.77K,"25,550"
신신제약,002800,0.00,"8,080"
영화금속,012280,3.84M,"2,135"
이삭엔지니어링,351330,0.00,"15,300"
액토즈소프트,052790,0.00,"10,150"
세이브존I&C,067830,36.62K,"3,300"
삼호개발,010960,91.61K,"5,460"
라이프시맨틱스,347700,0.00,"12,150"
아이디스홀딩스,054800,0.00,"13,400"
토비스,051360,0.00,"8,280"
고려시멘트,198440,0.00,"3,960"
에이디엠코리아,187660,0.00,"5,620"
영풍제지,006740,43.05K,"7,050"
이니텍,053350,0.00,"6,090"
하이텍팜,106190,0.00,"18,000"
광명전기,017040,617.77K,"2,890"
한국팩키지,037230,0.00,"4,885"
삼화네트웍스,046390,0.00,"3,495"
부국철강,026940,6.80M,"6,580"
삼보모터스,053700,0.00,"6,810"
비에이치아이,083650,0.00,"4,490"
오하임아이엔티,309930,0.00,"5,740"
아이쓰리시스템,214430,0.00,"17,700"
아톤,158430,0.00,"30,300"
한솔로지스틱스,009180,646.55K,"4,465"
씨앤지하이테크,264660,0.00,"14,600"
화승알앤에이,013520,149.33K,"2,695"
수성,084180,0.00,"2,090"
넥스트BT,065170,0.00,"1,430"
와이제이엠게임즈,193250,0.00,"2,120"
카프로,006380,1.51M,"5,020"
오리엔탈정공,014940,0.00,"4,350"
예스티,122640,0.00,"13,200"
에이블씨엔씨,078520,33.88K,"7,940"
알에프텍,061040,0.00,"6,370"
쎄미시스코,136510,0.00,"27,750"
에이플러스에셋,244920,258.50K,"8,850"
Namhwa Industrial,111710,0.00,"9,710"
우진,105840,9.95M,"9,270"
신라교역,004970,6.88K,"12,800"
선익시스템,171090,0.00,"23,250"
바이오솔루션,086820,0.00,"24,800"
조이맥스,101730,0.00,"11,600"
우수AMS,066590,0.00,"5,390"
바이브컴퍼니,301300,0.00,"37,650"
동국산업,005160,0.00,"3,780"
보성파워텍,006910,0.00,"4,045"
HB테크놀러지,078150,0.00,"2,480"
센트랄모텍,308170,33.76K,"22,800"
동방,004140,371.63K,"4,985"
삼지전자,037460,0.00,"12,800"
엠로,058970,0.00,"35,400"
엠로,058970,0.00,"35,400"
녹십자엠에스,142280,0.00,"9,460"
인지컨트롤스,023800,49.53K,"14,050"
대정화금,120240,0.00,"27,450"
코아시아,045970,0.00,"8,780"
노루홀딩스우,000325,8.21K,"49,200"
텔레칩스,054450,0.00,"16,150"
KCTC,009070,171.51K,"6,400"
유유제약1우,000225,13.73K,"10,300"
유유제약2우B,000227,1.94K,"24,000"
특수건설,026150,0.00,"11,400"
일신석재,007110,1.11M,"2,920"
유티아이,179900,0.00,"12,700"
대화제약,067080,0.00,"10,800"
네오위즈홀딩스,042420,0.00,"26,200"
아남전자,008700,388.13K,"2,475"
에이치엘사이언스,239610,0.00,"36,100"
우리산업,215360,0.00,"21,050"
금화피에스시,036190,0.00,"31,900"
티엘비,356860,0.00,"39,800"
아가방컴퍼니,013990,0.00,"5,620"
동부아이앤씨,012030,1.10M,"1,040"
씨앤투스성진,352700,0.00,"20,100"
모비릭스,348030,0.00,"20,100"
아이텍반도체,119830,0.00,"12,550"
SV인베스트먼트,289080,0.00,"3,650"
이엔쓰리,074610,175.01K,"3,685"
에이치엘비파워,043220,0.00,"2,055"
에스티오,098660,0.00,"2,725"
스타플렉스,115570,0.00,"4,290"
하이골드3호,153360,30.39K,"2,180"
에스에스알,275630,0.00,"5,610"
유아이디,069330,0.00,"2,530"
하이골드12호,172580,29.55K,"2,620"
코리아에스이,101670,0.00,"1,895"
청호컴넷,012600,0.00,"2,490"
KD건설,044180,0.00,"1,965"
노드메이슨,317860,0.00,"8,750"
스템랩,258540,0.00,"6,180"
베트남개발1,096300,189.50K,238
네추럴에프앤피,086220,0.00,"3,100"
디지아이,043360,0.00,"3,480"
더콘텐츠온,302920,0.00,"7,100"
인터엠,017250,0.00,"1,525"
모두투어리츠,204210,9.00K,"4,045"
디엠티,134580,0.00,"2,895"
엠에프엠코리아,251960,0.00,0
테라셈,182690,0.00,"1,440"
씨케이에이치,900120,0.00,240
텔레필드,091440,0.00,"3,315"
이스트아시아홀딩스,900110,0.00,169
티케이씨,191600,0.00,"11,000"
한국주강,025890,43.01K,"2,530"
유비온,084440,0.00,"9,850"
하이골드8호,159650,0.00,0
판도라티비,202960,0.00,"2,540"
시큐센,232830,0.00,"3,640"
큐엠씨,136660,0.00,"2,965"
이에스에이,052190,0.00,"8,850"
네패스신소재,087730,0.00,"8,160"
이디,033110,0.00,204
코센,009730,0.00,905
삼성스팩4호,377630,0.00,"6,070"
바이오시네틱스,281310,0.00,"9,670"
디피코,163430,0.00,"7,200"
오백볼트,227420,0.00,"3,945"
엔지스테크널러지,208860,0.00,"2,205"
세기상사,002420,0.00,"6,160"
안지오랩,251280,0.00,"11,250"
엑스큐어,070300,0.00,"3,410"
자비스,230400,0.00,0
한컴지엠디,077280,0.00,0
일정실업,008500,2.23K,"21,250"
씨앗,103660,0.00,"5,950"
제노텍,066830,0.00,"4,490"
매직마이크로,127160,0.00,282
이미지스,115610,0.00,"3,100"
에프앤리퍼블릭,064090,0.00,"2,130"
에스아이리소스,065420,0.00,639
유앤아이,056090,0.00,"4,535"
루켄테크놀러지스,162120,0.00,"5,100"
메디쎄이,200580,0.00,"12,000"
삼화전자,011230,12.23K,"4,600"
바다로 19호,155900,22.93K,"2,850"
에스엔텍,160600,0.00,"3,100"
세미콘라이트,214310,0.00,988
에이치케이,044780,0.00,"2,320"
아우딘퓨쳐스,227610,0.00,"1,845"
부산주공,005030,1.71M,717
디젠스,113810,0.00,"1,280"
한성기업,003680,13.97K,"7,070"
바른테크놀로지,029480,0.00,489
헝셩그룹,900270,0.00,502
자안코스메틱,219550,0.00,"5,350"
파커스,065690,0.00,"2,955"
대동금속,020400,0.00,"11,300"
KC산업,112190,0.00,"5,730"
코아스,071950,133.23K,"1,310"
이퓨쳐,134060,0.00,"8,440"
케이피티유,054410,0.00,"7,430"
연이비앤티,090740,0.00,"2,105"
에이엔피,015260,253.95K,"1,895"
한탑,002680,0.00,"1,410"
태원물산,001420,40.54K,"5,150"
리켐,131100,0.00,960
진양폴리,010640,41.24K,"3,820"
엔시트론,101400,0.00,"1,220"
씨아이테크,004920,273.74K,"1,070"
Jeonjin Bio,110020,0.00,"6,150"
엠에프엠코리아,323230,0.00,"2,010"
DBK,073190,0.00,"3,300"
광진실업,026910,0.00,"5,880"
ITX엠투엠,099520,0.00,"1,285"
소프트캠프,210610,0.00,0
이성씨엔아이,379390,0.00,"13,000"
유투바이오,221800,0.00,"18,950"
YW,051390,0.00,"4,005"
럭스피아,092590,0.00,"5,050"
씨엔티드림,286000,0.00,"7,800"
엘디티,096870,0.00,"4,930"
인포마크,175140,0.00,"7,160"
코이즈,121850,0.00,"2,400"
와이오엠,066430,0.00,"2,135"
신화실업,001770,10.54K,"27,950"
무진메디,322970,0.00,"5,080"
경인전자,009140,2.94K,"25,800"
하이트론,019490,85.48K,"4,675"
피노텍,150440,0.00,"3,490"
큐로컴,040350,0.00,"1,560"
라온시큐어,042510,0.00,"4,635"
대호에이엘,069460,203.44K,"4,050"
태경산업,015890,404.03K,"6,460"
태경케미컬,006890,156.54K,"16,050"
그린플러스,186230,0.00,"18,300"
한국특강,007280,85.03K,"3,570"
인피니트헬스케어,071200,0.00,"7,750"
한국전자인증,041460,0.00,"10,150"
켄코아에어로,274090,0.00,"16,850"
이지바이오,353810,0.00,"5,440"
제이브이엠,054950,0.00,"16,550"
핌스,347770,0.00,"24,200"
JW신약,067290,0.00,"4,270"
웅진,016880,821.05K,"2,395"
대원전선우,006345,26.85K,"3,690"
옵트론텍,082210,0.00,"8,120"
삼양통상,002170,4.70K,"66,300"
브레인콘텐츠,066980,0.00,"4,820"
HDC아이콘트롤스,039570,16.56K,"12,450"
세운메디칼,100700,0.00,"4,410"
농우바이오,054050,0.00,"11,900"
세종메디칼,258830,0.00,"31,300"
쌍방울,102280,2.52M,701
코렌텍,104540,0.00,"16,900"
기가레인,049080,0.00,"2,380"
싸이맥스,160980,0.00,"17,650"
일진파워,094820,0.00,"12,450"
뉴트리바이오텍,222040,0.00,"8,960"
이엠티,232530,0.00,"12,650"
멕아이씨에스,058110,0.00,"11,350"
플래티어,367000,0.00,"21,400"
씨티케이코스메틱스,260930,0.00,"10,000"
깨끗한나라,004540,96.24K,"4,980"
팅크웨어,084730,0.00,"16,000"
DMS,068790,0.00,"7,340"
디아이티,110990,0.00,"10,150"
빅텍,065450,0.00,"6,230"
아스트,067390,0.00,"7,320"
녹십자웰빙,234690,0.00,"10,200"
와이어블,065530,0.00,"3,405"
룽투코리아,060240,0.00,"6,690"
신원우,009275,852.00,"56,800"
대한약품,023910,0.00,"30,500"
한국전자금융,063570,0.00,"5,850"
압타머사이언스,291650,0.00,"20,400"
명문제약,017180,147.71K,"5,280"
큐브엔터,182360,0.00,"13,700"
동양이엔피,079960,0.00,"23,250"
이수페타시스,007660,1.04M,"3,905"
HRS,036640,0.00,"7,550"
KT서브마린,060370,0.00,"5,890"
써니전자,004770,1.41M,"3,410"
솔트웍스,230980,0.00,"2,025"
조선선재,120030,3.63K,"108,000"
넥스트아이,137940,0.00,"1,585"
휴림로봇,090710,0.00,952
이건홀딩스,039020,0.00,"5,330"
TS인베스트먼트,246690,0.00,"3,055"
상보,027580,0.00,"2,330"
EG,037370,0.00,"16,600"
TS트릴리온,284610,0.00,0
엠에스씨,009780,0.00,"6,370"
웰바이오텍,010600,453.99K,"2,005"
웰크론,065950,0.00,"4,320"
강스템바이오텍,217730,0.00,"4,350"
에스코넥,096630,0.00,"1,940"
태평양물산,007980,428.28K,"2,910"
흥국에프엔비,189980,0.00,"3,185"
자연과환경,043910,0.00,"1,925"
현대공업,170030,0.00,"7,690"
까뮤이앤씨,013700,4.81M,"2,650"
삼일,032280,0.00,"7,790"
엔에스,217820,0.00,"10,550"
삼천리자전거,024950,0.00,"9,900"
석경에이티,357550,0.00,"22,100"
서원인텍,093920,0.00,"6,400"
인천도시가스,034590,19.11K,"28,600"
엠젠플러스,032790,0.00,"4,075"
고려포리머,009810,5.06M,"1,670"
미창석유,003650,2.00K,"79,600"
한독크린텍,256150,0.00,"13,950"
덕신하우징,090410,0.00,"2,665"
파라텍,033540,0.00,"2,830"
Ibks No 11 Spac,335890,0.00,"2,175"
케이엔제이,272110,0.00,"15,850"
케이씨티,089150,0.00,"6,770"
무림페이퍼,009200,75.86K,"2,830"
메디프론,065650,0.00,"2,700"
메카로,241770,0.00,"12,150"
동일고무벨트,163560,16.91K,"8,370"
조아제약,034940,0.00,"4,255"
대경기계,015590,488.91K,511
조흥,002600,133.00,"194,500"
골든브릿지증권,001290,137.71K,"1,255"
콤텍시스템,031820,675.75K,962
동양피스톤,092780,1.71M,"9,080"
동아엘텍,088130,0.00,"11,750"
SCI평가정보,036120,0.00,"3,265"
디에이치피코리아,131030,0.00,"7,080"
루트로닉,085370,0.00,"20,250"
남선알미우,008355,7.01K,"37,600"
금호산업,002990,169.19K,"13,050"
성우하이텍,015750,0.00,"5,900"
모두투어,080160,0.00,"28,500"
엠케이전자,033160,0.00,"23,400"
티움바이오,321550,0.00,"18,800"
애경유화,161000,757.87K,"15,100"
더네이쳐,298540,0.00,"31,500"
티앤엘,340570,0.00,"54,100"
신성이엔지,011930,592.45K,"2,270"
대교우B,019685,180.58K,"3,755"
KG케미칼,001390,101.98K,"34,150"
루트로닉3우C,08537M,0.00,"28,000"
비덴트,121800,0.00,"9,890"
미코,059090,0.00,"15,000"
티웨이항공,091810,3.78M,"4,185"
금호산업우,002995,594.00,"33,550"
태영건설,009410,66.03K,"11,500"
미래에셋벤처투자,100790,0.00,"9,210"
상상인,038540,0.00,"8,750"
이베스트투자증권,078020,0.00,"9,040"
알체라,347860,0.00,"31,700"
인탑스,049070,0.00,"26,750"
아이센스,099190,0.00,"33,300"
지트리비앤티,115450,0.00,"17,400"
Webcash,053580,0.00,"32,250"
YG PLUS,037270,2.77M,"6,700"
Maxst Co,377030,0.00,"51,200"
나노씨엠에스,247660,0.00,"109,300"
종근당,001630,7.33K,"88,600"
KMH,122450,0.00,"9,630"
남선알미늄,008350,12.88M,"3,980"
에이프로젠제약,003060,3.28M,"1,085"
세아홀딩스,058650,1.89K,"109,000"
서희건설,035890,0.00,"1,980"
심팩,009160,349.63K,"8,940"
하나기술,299030,0.00,"60,700"
대원미디어,048910,0.00,"37,650"
나노신소재,121600,0.00,"42,700"
테크윙,089030,0.00,"22,450"
코엔텍,029960,0.00,"8,980"
ISC,095340,0.00,"25,900"
맵스리얼티1,094800,51.48K,"4,745"
바디텍메드,206640,0.00,"19,750"
코람코에너지,357120,70.01K,"6,310"
원익홀딩스,030530,0.00,"5,640"
삼양패키징,272550,15.67K,"30,700"
ViGenCell,308080,0.00,"42,850"
CJ프레시웨이,051500,0.00,"35,350"
티비에이치글로벌,084870,162.68K,"3,195"
아이즈비전,031310,0.00,"4,230"
대동전자,008110,49.44K,"7,710"
웨이브일렉트로,095270,0.00,"4,260"
프럼파스트,035200,0.00,"8,050"
오스테오닉,226400,0.00,"3,910"
대동기어,008830,0.00,"7,160"
윙입푸드,900340,0.00,"1,365"
혜인,003010,36.08K,"5,890"
오가닉티코스메틱,900300,0.00,739
제일연마,001560,3.78K,"8,550"
아이크래프트,052460,0.00,"5,370"
이엘피,063760,0.00,"7,070"
선도전기,007610,124.75K,"3,670"
판타지오,032800,0.00,107
아스타,246720,0.00,"5,380"
지니언스,263860,0.00,"8,130"
메디안디노스틱,233250,0.00,"36,000"
픽셀플러스,087600,0.00,"8,470"
에코캡,128540,0.00,"4,565"
우노앤컴퍼니,114630,0.00,"4,830"
케이디켐,221980,0.00,"16,400"
네오오토,212560,0.00,"8,080"
텔코웨어,078000,4.83K,"11,200"
GRT,900290,0.00,951
삼우엠스,082660,0.00,"1,440"
세보엠이씨,011560,0.00,"6,200"
에스폴리텍,050760,0.00,"4,040"
우림기계,101170,0.00,"4,565"
제이엠티,094970,0.00,"3,665"
데이터스트림즈,199150,0.00,"15,950"
SGA,049470,0.00,"1,160"
영신금속,007530,0.00,"3,155"
미래산업,025560,13.98K,"14,250"
ES큐브,050120,0.00,"4,740"
포시에스,189690,0.00,"7,320"
알톤스포츠,123750,0.00,"4,790"
신송홀딩스,006880,22.09K,"5,520"
에스엘에스바이오,246250,0.00,"9,010"
S&K폴리텍,091340,0.00,"5,590"
TPC,048770,0.00,"4,150"
한세엠케이,069640,83.01K,"5,590"
한국전자홀딩스,006200,237.99K,"1,405"
에이원알폼,234070,0.00,"24,850"
엘엠에스,073110,0.00,"9,450"
SGA솔루션즈,184230,0.00,"1,325"
신진에스엠,138070,0.00,"7,220"
아이컴포넌트,059100,0.00,"8,150"
갤럭시아SM,011420,253.90K,"2,115"
싸이버원,356890,0.00,"13,200"
진원생명과학,011000,1.05M,"34,750"
메지온,140410,0.00,"173,700"
한국테크,000240,179.01K,"16,300"
아이에스동서,010780,48.52K,"48,650"
DGB금융지주,139130,457.04K,"9,370"
SK네트웍스우,001745,115.00,"100,000"
녹십자홀딩스2우,005257,1.23K,"75,200"
솔루엠,248070,721.20K,"29,200"
SK가스,018670,85.12K,"162,000"
코스맥스,192820,75.94K,"133,500"
에스엠,041510,0.00,"63,400"
명신산업,009900,699.65K,"27,450"
대한 유화,006650,184.15K,"231,500"
대신증권우,003545,107.72K,"18,850"
대신증권2우B,003547,61.62K,"18,250"
녹십자홀딩스,005250,85.35K,"31,950"
파라다이스,034230,0.00,"17,100"
이오테크닉스,039030,0.00,"115,500"
대웅,003090,105.27K,"34,300"
롯데관광개발,032350,709.99K,"21,000"
KG동부제철,016380,252.43K,"13,850"
코스모신소재,005070,990.74K,"49,700"
부광약품,003000,569.81K,"20,450"
네이처셀,007390,0.00,"22,000"
넥스트사이언스,003580,3.22M,"34,050"
에스에프에이,056190,0.00,"38,800"
고영,098460,0.00,"20,850"
동화기업,025900,0.00,"79,700"
롯데칠성음료,005300,37.16K,"149,000"
신세계인터내셔날,031430,15.08K,"196,000"
종근당,185750,24.06K,"121,500"
Lotte Chilsung Beverage Co,005305,528.00,"75,600"
대신증권,003540,147.94K,"21,000"
클래시스,214150,0.00,"21,700"
롯데리츠,330590,276.72K,"5,530"
효성화학,298000,65.79K,"400,500"
메드팩토,235980,0.00,"64,100"
JYP Ent.,035900,0.00,"39,350"
NHN엔터테인먼트,181710,99.72K,"68,800"
케이씨씨글라스,344820,351.54K,"79,500"
한일시멘트,300720,353.36K,"18,050"
유니드,014830,189.48K,"138,500"
에스엘,005850,78.37K,"27,700"
차바이오텍,085660,0.00,"22,150"
영풍,000670,1.12K,"696,000"
신라젠,215600,0.00,"12,100"
NICE평가정보,030190,0.00,"21,650"
박셀바이오,323990,0.00,"76,700"
컴투스,078340,0.00,"100,500"
대주전자재료,078600,0.00,"96,400"
에이스캠퍼,322190,0.0,"1,300"
미래에셋대우스팩1호,265480,0.0,0
SK5호스팩,337450,0.0,"2,255"
하나머스트7호스팩,372290,0.0,"2,270"
골프존데카,183410,0.0,"2,550"
Hana Financial,332710,0.0,"2,205"
파워풀엑스,266870,0.0,"1,465"
신영스팩6호,344050,0.0,"2,200"
Hana Must Sixth,307160,0.0,0
한국제6호스팩,281410,0.0,0
에이치엠씨아이비제4호,353070,0.0,"2,150"
지와이커머스,111820,0.0,220
한화수성스팩,265920,0.0,0
Kb No 19,330990,0.0,"2,160"
썬테크,217320,0.0,"8,610"
하나금융스팩16호,343510,0.0,"2,240"
디에스티,033430,0.0,0
Kyobo 9,331520,0.0,"2,220"
수프로,185190,0.0,"2,370"
유니포인트,121060,0.0,"1,440"
상상인이안제2호스팩,329560,0.0,"2,170"
IBKS제15호스팩,373200,0.0,"2,350"
Korea No.5 Special Purpose,271740,0.0,0
IBKS No.16,388790,0.0,"2,280"
동북아12호,083370,0.0,0
동북아13호,083380,0.0,0
유진스팩6호,373340,0.0,"2,490"
이베스트스팩5호,349720,0.0,"2,175"
제이웨이,058420,0.0,"2,160"
신영스팩5호,323280,0.0,"2,215"
IBKS제7호스팩,276920,0.0,0
SK3호스팩,232330,0.0,0
키움제5호스팩,311270,0.0,0
라이프사이언스테크놀로지,285770,0.0,"2,460"
신한제3호스팩,257730,0.0,0
한화에이스스팩4호,279410,0.0,0
에스디시스템,121890,0.0,739
지스마트글로벌,114570,0.0,620
IBKS제12호스팩,335870,0.0,"2,245"
NH Special Acquis 13,310840,0.0,0
이베스트1호,323210,0.0,"2,165"
Cape Es No 4 Spac,347140,0.0,"2,260"
옐로페이,179720,0.0,"6,100"
인터코스,242350,0.0,"1,295"
에스제이켐,217910,0.0,520
두원석재,270020,0.0,"2,040"
청광종건,140290,0.0,705
한화에이스스팩3호,264290,0.0,0
로보쓰리,238500,0.0,"1,265"
명진홀딩스,267060,0.0,790
옴니텔,057680,0.00,"3,325"
잉크테크,049550,0.00,"7,700"
유수홀딩스,000700,26.99K,"6,000"
와이더플래닛,321820,0.00,"22,700"
SG세계물산,004060,358.09K,733
이구산업,025820,669.92K,"4,250"
대림 C&S,004440,41.23K,"11,750"
코텍,052330,0.00,"10,250"
세원,234100,0.00,"4,730"
케이엔더블유,105330,0.00,"12,850"
한국내화,010040,42.30K,"4,380"
일동홀딩스,000230,26.05K,"13,250"
윌비스,008600,1.70M,"2,175"
YTN,040300,0.00,"3,470"
유니크,011320,0.00,"7,610"
이스트소프트,047560,0.00,"14,400"
원익큐브,014190,0.00,"4,410"
대한뉴팜,054670,0.00,"10,600"
대유에이텍,002880,901.73K,"1,235"
솔트룩스 ,304100,0.00,"29,100"
카스,016920,0.00,"7,120"
서전기전,189860,0.00,"14,250"
위즈코프,038620,0.00,"2,515"
CJ씨푸드,011150,64.55K,"4,025"
셀레믹스,331920,0.00,"18,050"
세아특수강,019440,19.02K,"16,850"
국보디자인,066620,0.00,"21,300"
케어랩스,263700,0.00,"8,360"
에쓰씨엔지니어링,023960,356.14K,"4,910"
오션브릿지,241790,0.00,"14,300"
엑시콘,092870,0.00,"13,950"
국동,005320,1.47M,"2,565"
큐에스아이,066310,0.00,"17,500"
삼아제약,009300,0.00,"24,100"
칩스앤미디어,094360,0.00,"14,900"
BrainzCompany Co,099390,0.00,"29,500"
이화공영,001840,0.00,"7,130"
노루홀딩스,000320,12.29K,"12,900"
이즈미디어,181340,0.00,"21,750"
엔솔바이오사이언스,140610,0.00,"17,000"
윌링스,313760,0.00,"29,950"
시스웍,269620,0.00,"1,905"
퓨쳐스트림네트웍스,214270,0.00,"1,075"
경동도시가스,267290,49.53K,"23,900"
태웅로직스,124560,0.00,"7,440"
시공테크,020710,0.00,"6,720"
팀스,134790,1.11K,"70,500"
시그네틱스,033170,0.00,"1,635"
위니아딤채,071460,0.00,"3,870"
크라운제과,005740,20.44K,"9,310"
크린앤사이언스,045520,0.00,"19,000"
코퍼스코리아,322780,0.00,"3,435"
디케이락,105740,0.00,"13,400"
클라우드에어,036170,0.00,"1,865"
옵티시스,109080,0.00,"22,600"
디지틀조선,033130,0.00,"3,165"
코콤,015710,0.00,"6,900"
휴니드,005870,123.35K,"7,930"
코데즈컴바인,047770,0.00,"3,020"
다이노나,086080,0.00,"4,135"
현대코퍼레이션홀딩스,227840,18.75K,"13,300"
새론오토모티브,075180,2.80K,"6,050"
엘아이에스,138690,0.00,"6,950"
심텍홀딩스,036710,0.00,"3,010"
평화산업,090080,1.39M,"2,350"
이더블유케이,258610,0.00,"8,260"
대우부품,009320,131.65K,"2,420"
한신기계,011700,1.92M,"3,550"
코메론,049430,0.00,"12,450"
삼일제약,000520,90.56K,"8,880"
가온전선,000500,6.06K,"29,000"
SH에너지화학,002360,2.52M,987
에프엔에스테크,083500,0.00,"14,400"
버킷스튜디오,066410,0.00,"4,665"
Hwaseung RA Co,378850,54.27K,"5,900"
바이오스마트,038460,0.00,"5,890"
에버다임,041440,0.00,"6,170"
파이오링크,170790,0.00,"17,250"
Pharmsville,318010,0.00,"14,050"
상지카일룸,042940,0.00,"1,600"
퍼스텍,010820,89.51K,"2,335"
유니켐,011330,998.69K,"1,675"
아시아경제,127710,0.00,"4,095"
플리토,300080,0.00,"20,800"
한일단조,024740,0.00,"3,770"
KTcs,058850,74.88K,"2,740"
뉴인텍,012340,0.00,"3,615"
엘컴텍,037950,0.00,"1,335"
지엔원에너지,270520,0.00,"3,400"
오픈베이스,049480,0.00,"3,450"
동국실업,001620,1.61M,"1,205"
비상교육,100220,65.61K,"9,040"
센트럴바이오,051980,0.00,"1,775"
YBM넷,057030,0.00,"6,810"
메가엠디,133750,0.00,"4,930"
조광ILI,044060,0.00,"8,110"
NH SPAC 19,380440,73.44K,"2,185"
아이퀘스트,262840,0.00,"11,350"
대신밸런스제5호스팩,303030,0.00,"2,865"
이라이콤,041520,0.00,"8,970"
범양건영,002410,1.54M,"8,600"
한솔테크닉스,004710,77.82K,"7,310"
제우스,079370,0.00,"22,450"
마이크로디지탈,305090,0.00,"28,950"
대덕,008060,149.97K,"7,200"
KNN,058400,0.00,"1,695"
엠에스오토텍,123040,0.00,"6,290"
에이티넘인베스트,021080,0.00,"4,510"
National Plastic Co,004255,43.68K,"3,285"
제로투세븐,159580,0.00,"11,450"
진매트릭스,109820,0.00,"11,300"
IHQ,003560,664.51K,"1,590"
삼보판지,023600,0.00,"13,900"
금양,001570,276.02K,"5,090"
서한,011370,0.00,"2,080"
아이원스,114810,0.00,"9,120"
한국정보인증,053300,0.00,"7,190"
제일전기공업,199820,0.00,"20,100"
동아지질,028100,34.34K,"19,950"
하이록코리아,013030,0.00,"17,550"
게임빌,063080,0.00,"34,100"
에어부산,298690,8.27M,"3,400"
한국주철관,000970,256.05K,"10,500"
새로닉스,042600,0.00,"24,150"
테고사이언스,191420,0.00,"27,550"
영화테크,265560,0.00,"20,500"
노루페인트,090350,42.47K,"10,600"
YM Tech,273640,0.00,"40,050"
노랑풍선,104620,0.00,"16,300"
풍국주정,023900,0.00,"17,450"
아이씨디,040910,0.00,"13,200"
엔에이치스팩10호,256630,0.00,"4,025"
사조대림,003960,40.04K,"29,700"
노터스,278650,0.00,"29,100"
대동공업,000490,376.94K,"10,450"
듀켐바이오,176750,0.00,"8,200"
잉글우드랩,950140,0.00,"11,050"
휴맥스,115160,0.00,"5,290"
S&T중공업,003570,55.48K,"9,960"
서연이화,200880,253.77K,"8,020"
멀티캠퍼스,067280,0.00,"36,650"
에스엔피월드,263920,0.00,"4,555"
도이치모터스,067990,0.00,"7,420"
씨에스베어링,297090,0.00,"22,750"
팜스토리,027710,0.00,"1,990"
상신이디피,091580,0.00,"16,750"
한양증권우,001755,1.13K,"22,500"
한컴위드,054920,0.00,"8,880"
가온미디어,078890,0.00,"14,550"
케이피엠테크,042040,0.00,"1,595"
인터플렉스,051370,0.00,"12,900"
서울옥션,063170,0.00,"19,500"
대한제당,001790,1.40M,"3,290"
LS네트웍스,000680,370.98K,"3,865"
슈피겐코리아,192440,0.00,"49,950"
이트론,096040,0.00,568
풍산홀딩스,005810,26.85K,"30,300"
세종공업,033530,298.88K,"11,750"
세틀뱅크,234340,0.00,"31,500"
아바텍,149950,0.00,"22,250"
키스코홀딩스,001940,24.69K,"21,150"
미원에스씨,107590,2.93K,"131,000"
우리기술,032820,0.00,"2,175"
이노와이어리스,073490,0.00,"42,950"
STX엔진,077970,36.19K,"10,550"
환인제약,016580,37.72K,"19,100"
모다이노칩,080420,0.00,"3,735"
제일파마,002620,20.51K,"19,000"
현대바이오랜드,052260,0.00,"19,300"
성신양회우,004985,6.30K,"15,300"
삼성스팩2호,291230,0.00,"6,680"
NEW,160550,0.00,"11,800"
경동제약,011040,0.00,"10,650"
일진홀딩스,015860,856.02K,"7,230"
다산네트웍스,039560,0.00,"8,050"
경인양행,012610,299.25K,"7,130"
동성코퍼레이션,102260,78.56K,"5,770"
KPX케미칼,025000,4.77K,"61,900"
시그넷이브이,260870,0.00,"61,100"
화신,010690,240.08K,"9,030"
케이씨,029460,44.18K,"22,550"
에스티큐브,052020,0.00,"9,320"
조선내화,000480,1.44K,"89,900"
비나텍,126340,0.00,"52,900"
ezCaretech,099750,0.00,"39,350"
대영포장,014160,1.21M,"2,540"
디엔에프,092070,0.00,"23,800"
덕성,004830,2.02M,"17,150"
성신양회,004980,382.75K,"11,300"
BYC Co,001465,169.00,"189,000"
세방,004360,63.60K,"13,350"
푸드나무,290720,0.00,"41,450"
현대에너지솔루션,322000,40.47K,"25,400"
미투젠,950190,0.00,"21,650"
SBI인베스트먼트,019550,0.00,"1,695"
인텍플러스,064290,0.00,"22,600"
Sebang Co,004365,1.75K,"7,720"
무림P&P,009580,102.30K,"4,495"
한국알콜,017890,0.00,"13,800"
넥센우,005725,3.23K,"3,645"
메디아나,041920,0.00,"13,100"
우리이앤엘,153490,0.00,"1,810"
젬백스지오,041590,0.00,"1,000"
엔에이치스팩12호,273060,0.00,"2,005"
한국맥널티,222980,0.00,"8,240"
메탈라이프,327260,0.00,"23,100"
제이준코스메틱,025620,310.51K,"1,290"
유성티엔에스,024800,0.00,"3,225"
한국제지,002300,0.00,0
한국프랜지,010100,101.56K,"3,040"
페이퍼코리아,001020,411.57K,"2,395"
이노인스트루먼트,215790,0.00,"2,205"
마이크로프랜드,147760,0.00,"8,510"
신원종합개발,017000,0.00,"8,640"
영보화학,014440,80.04K,"4,590"
크리스탈신소재,900250,0.00,"1,370"
본느,226340,0.00,"2,965"
성호전자,043260,0.00,"1,710"
동성화학,005190,0.00,0
린드먼아시아,277070,0.00,"6,500"
에스디생명공학,217480,0.00,"4,010"
리더스 기술투자,019570,0.00,711
비비씨,318410,0.00,"15,950"
큐캐피탈,016600,0.00,536
MH에탄올,023150,801.11K,"13,600"
폴라리스오피스,041020,0.00,"2,350"
오리콤,010470,0.00,"7,580"
한국종합기술,023350,51.84K,"8,300"
동아에스텍,058730,26.10K,"5,640"
초록뱀컴퍼니,052300,0.00,"1,300"
누리플렉스,040160,0.00,"7,900"
승일,049830,0.00,"14,200"
문배철강,008420,209.94K,"4,560"
화인베스틸,133820,365.76K,"2,900"
원익,032940,0.00,"4,955"
세화아이엠씨,145210,1.55M,555
케이엘넷,039420,0.00,"4,055"
엔케이,085310,284.69K,"1,155"
나무기술,242040,0.00,"2,770"
진시스템,363250,0.00,"13,250"
마니커,027740,1.18M,463
셀바스AI,108860,0.00,"4,035"
구영테크,053270,0.00,"3,585"
미래에셋4호,333430,0.00,"2,915"
제너셈,217190,0.00,"10,550"
폴라리스웍스,123010,0.00,"1,535"
소프트센,032685,0.00,"33,500"
소프트센,032680,0.00,"2,545"
에쎈테크,043340,0.00,"1,190"
피에스텍,002230,0.00,"5,090"
삼성전자우,005935,1.06M,"71,700"
삼성전자,005930,15.66M,"77,300"
SK하이닉스,000660,3.28M,"104,000"
삼성바이오로직스,207940,70.95K,"922,000"
LG 화학,051915,22.80K,"359,000"
네이버 주식회사,035420,544.85K,"405,500"
현대차우,005385,63.20K,"99,500"
현대차3우B,005389,6.16K,"93,000"
현대차2우B,005387,123.76K,"98,200"
LG화학,051910,334.14K,"761,000"
카카오,035720,4.73M,"119,500"
삼성SDI우,006405,6.03K,"398,000"
삼성SDI,006400,258.26K,"726,000"
현대차,005380,693.21K,"207,000"
셀트리온,068270,574.31K,"274,500"
기아차,000270,1.42M,"82,600"
카카오뱅크,323410,2.42M,"69,000"
포스코,005490,460.93K,"345,000"
삼성물산우B,02826K,4.03K,"118,000"
LG전자우,066575,62.18K,"68,300"
현대모비스,012330,278.45K,"260,000"
LG생활건강우,051905,6.32K,"659,000"
LG전자,066570,782.52K,"139,500"
SK이노우,096775,11.13K,"152,500"
크래프톤,259960,236.00K,"493,000"
SK텔레콤,017670,259.89K,"308,500"
삼성물산,028260,294.27K,"128,000"
LG생활건강,051900,43.50K,"1,339,000"
SK바사,302440,1.57M,"274,500"
KB금융,105560,903.29K,"53,000"
신한지주,055550,1.07M,"39,650"
SK이노베이션,096770,562.99K,"249,000"
 SK우,03473K,1.34K,"244,500"
셀트리온헬스케어,091990,0.00,"115,200"
SKIET,361610,270.22K,"217,000"
한국전력,015760,2.38M,"23,800"
HMM,011200,5.45M,"38,050"
LG우,003555,2.61K,"70,200"
LG,003550,203.00K,"95,200"
삼성전기우,009155,4.61K,"98,800"
SK그룹,034730,313.30K,"269,000"
아모레퍼시픽우,090435,32.82K,"73,300"
삼성전기,009150,358.54K,"178,500"
삼성생명,032830,283.80K,"72,400"
삼성에스디에스,018260,110.31K,"164,000"
하나금융지주,086790,879.20K,"44,850"
포스코케미칼,003670,425.56K,"162,000"
엔씨소프트,036570,194.65K,"596,000"
아모레퍼시픽,090430,402.65K,"184,500"
S-oil,010950,284.51K,"105,000"
모헨즈,006920,0.00,"6,400"
이상네트웍스,080010,0.00,"8,430"
우신시스템,017370,95.72K,"4,060"
세우글로벌,013000,0.00,"2,470"
배럴,267790,0.00,"8,970"
블루베리 NFT,044480,0.00,"2,465"
미래생명자원,218150,0.00,"3,790"
우진비앤지,018620,0.00,"2,385"
웹스,196700,0.00,"5,030"
Cuchen,225650,0.00,0
서남,294630,0.00,"3,415"
파인디앤씨,049120,0.00,"2,515"
하이로닉,149980,0.00,"5,710"
대동스틸,048470,0.00,"7,080"
태양금속우,004105,109.63K,"3,530"
휴럼,284420,0.00,0
케이엠제약,225430,0.00,"2,430"
미래테크놀로지,213090,0.00,"11,750"
코닉글로리,094860,0.00,"1,275"
코스온,069110,0.00,"2,630"
큐로홀딩스,051780,0.00,570
원일특강,012620,0.00,"15,150"
씨큐브,101240,0.00,"7,650"
디티앤씨,187220,0.00,"6,130"
유아이엘,049520,0.00,"3,220"
주연테크,044380,2.19M,"1,325"
디엔에이링크,127120,0.00,"4,060"
이글루시큐리티,067920,0.00,"7,270"
유신,054930,0.00,"22,800"
엔에스엔,031860,0.00,"1,160"
쎄니트,037760,0.00,"2,025"
선창산업,002820,7.36K,"5,550"
만호제강,001080,2.93K,"21,600"
미디어젠,279600,0.00,"14,000"
 엠코르셋,204020,0.00,"3,260"
예림당,036000,0.00,"2,970"
파버나인,177830,0.00,"5,070"
삼영엠텍,054540,0.00,"5,140"
동일제강,002690,115.25K,"4,585"
지엘팜텍,204840,0.00,"1,245"
대양제지,006580,0.00,"3,260"
Thira Utech,322180,0.00,"11,700"
티에이치엔,019180,145.96K,"3,600"
대성미생물,036480,0.00,"16,950"
화성밸브,039610,0.00,"6,450"
Nh Spac 16,353190,0.00,"2,090"
신라섬유,001000,0.00,"2,670"
삼진,032750,0.00,"10,600"
성창오토텍,080470,0.00,"9,000"
케이지피,109070,0.00,"4,100"
에이피티씨,089970,0.00,"19,450"
유틸렉스,263050,0.00,"27,350"
한국콜마홀딩스,024720,35.43K,"22,700"
코오롱생명과학,102940,0.00,"35,800"
원익머트리얼즈,104830,0.00,"33,150"
대아티아이,045390,0.00,"6,550"
신한알파리츠,293940,64.82K,"8,180"
아세아제지,002310,41.27K,"46,200"
더블유에프엠,035290,0.00,"1,305"
라파스,214260,0.00,"47,850"
한일홀딩스,003300,23.19K,"14,300"
레이,228670,0.00,"32,300"
메디포스트,078160,0.00,"25,450"
다나와,119860,0.00,"31,800"
유니슨,018000,0.00,"3,470"
알서포트,131370,0.00,"7,870"
유비케어,032620,0.00,"8,150"
초록뱀미디어,047820,0.00,"2,625"
엘이티,297890,0.00,"22,900"
롯데푸드,002270,1.85K,"414,500"
동화약품,000020,165.71K,"17,950"
쌍용차,003620,0.00,"2,770"
디케이디앤아이,033310,0.00,"13,450"
대상홀딩스우,084695,2.69K,"11,750"
쏠리드,050890,0.00,"6,870"
다날,064260,0.00,"6,040"
KTB투자증권,030210,174.93K,"6,770"
현대차증권,001500,133.51K,"12,700"
SNK,950180,0.00,"19,000"
디티알오토모티브,007340,23.19K,"47,150"
코오롱우,002025,104.15K,"23,350"
에이프로젠 MED,007460,6.38M,"1,940"
잇츠한불,226320,17.68K,"21,900"
삼부토건,001470,7.53M,"2,990"
두산건설,011160,0.00,0
신세계I&C,035510,42.49K,"236,500"
해성산업,034810,0.00,"15,150"
셀루메드,049180,0.00,"10,000"
이디,101360,0.00,"37,800"
이월드,084680,517.73K,"2,800"
AP시스템,265520,0.00,"27,700"
웅진씽크빅,095720,296.54K,"3,405"
오이솔루션,138080,0.00,"37,000"
피비파마,950210,1.53M,"31,950"
이엠텍,091120,0.00,"25,450"
한솔제지,213500,56.96K,"16,450"
유니셈,036200,0.00,"13,500"
하나제약,293480,26.30K,"22,250"
대상홀딩스,084690,40.96K,"10,500"
SK증권,001510,1.82M,897
보광산업,225530,0.00,"10,800"
동신건설,025950,0.00,"46,000"
월덱스,101160,0.00,"22,750"
뉴지랩파마,214870,0.00,"12,100"
뷰웍스,100120,0.00,"42,600"
덕성우,004835,135.55K,"22,450"
화승인더,006060,123.82K,"7,000"
자이에스앤디,317400,117.77K,"9,700"
아이마켓코리아,122900,497.09K,"12,150"
포스코강판,058430,30.68K,"62,300"
케이티알파,036030,0.00,"7,680"
Hysonic,106080,0.00,"3,110"
이리츠코크렙기업,088260,28.51K,"5,990"
알루코,001780,1.09M,"4,645"
신세계푸드,031440,5.71K,"100,000"
에이치엘비제약,047920,0.00,"24,850"
맘스터치,220630,0.00,"4,270"
샘씨엔에스,252990,0.00,"7,400"
아이큐어,175250,0.00,"41,150"
대교,019680,131.81K,"4,545"
켐트로닉스,089010,0.00,"25,750"
KG모빌리언스,046440,0.00,"9,980"
유진투자증권,001200,118.98K,"3,915"
삼성출판사,068290,72.38K,"37,150"
골프존뉴딘홀딩스,121440,0.00,"8,750"
한국기업평가,034950,0.00,"83,400"
E1,017940,35.38K,"60,300"
퍼시스,016800,1.95K,"39,150"
톱텍,108230,0.00,"10,100"
인바디,041830,0.00,"27,200"
대원제약,003220,157.74K,"18,000"
코리아써키트,007810,177.15K,"14,150"
인터로조,119610,0.00,"28,000"
SKC 솔믹스,057500,0.00,0
클리오,237880,0.00,"21,700"
텔콘RF제약,200230,0.00,"4,125"
진흥기업2우B,002787,669.00,"15,800"
진흥기업우B,002785,2.93K,"6,170"
넷게임즈,225570,0.00,"12,650"
계룡건설,013580,38.99K,"39,000"
선진,136490,98.81K,"15,000"
테이팩스,055490,88.06K,"76,800"
넥슨지티,041140,0.00,"10,250"
HSD엔진,082740,443.48K,"7,480"
한독,002390,17.62K,"25,750"
남양유업,003920,2.13K,"450,000"
유진기업,023410,0.00,"4,990"
HiteJinro Holdings Co,000145,1.00K,"17,300"
유양디앤유,011690,0.00,"2,440"
삼아알미늄,006110,336.37K,"33,350"
SG,255220,0.00,"2,060"
대창스틸,140520,0.00,"3,545"
로지시스,067730,0.00,"7,450"
세명전기,017510,0.00,"5,030"
디지탈옵틱,106520,0.00,"5,480"
스튜디오산타클로스,204630,0.00,"3,050"
크로바하이텍,043590,0.00,"2,485"
에스에너지,095910,0.00,"3,990"
뉴프렉스,085670,0.00,"2,820"
MBK,159910,0.00,263
마이크로컨텍솔,098120,0.00,"8,450"
나노브릭,286750,0.00,"7,750"
한국컴퓨터,054040,0.00,"4,580"
골든센츄리,900280,0.00,409
한일네트웍스,046110,0.00,"6,030"
대호특수강,021040,0.00,941
대호피앤씨우,021045,0.00,"1,590"
이루온,065440,0.00,"2,710"
네오크레마,311390,0.00,"9,440"
KBI메탈,024840,0.00,"2,160"
CS홀딩스,000590,1.16K,"62,700"
우양,103840,0.00,"5,100"
케이피에프,024880,0.00,"4,530"
태양금속,004100,2.24M,"1,940"
아시아종묘,154030,0.00,"7,050"
국영지앤엠,006050,0.00,"2,120"
솔고바이오,043100,0.00,"1,130"
평화홀딩스,010770,46.38K,"5,100"
램테크놀러지,171010,0.00,"6,180"
세중,039310,0.00,"4,055"
미래아이앤지,007120,657.55K,563
신풍제지,002870,166.24K,"2,575"
지엔씨에너지,119850,0.00,"4,530"
디엠씨,101000,0.00,998
GH신소재,130500,0.00,"6,740"
이노테라피 (Inno Therapy Inc),246960,0.00,"14,150"
토박스코리아,215480,0.00,"1,425"
손오공,066910,0.00,"2,715"
비디아이,148140,0.00,"2,605"
Design,227100,0.00,"14,000"
TJ미디어,032540,0.00,"5,180"
보령메디앙스,014100,0.00,"6,200"
파인텍,131760,0.00,"1,605"
한일진공,123840,0.00,915
에스에이티,060540,0.00,"2,685"
효성오앤비,097870,0.00,"9,470"
쌍용정보통신,010280,0.00,"1,080"
서울제약,018680,0.00,"8,280"
삼영에스앤씨,361670,0.00,"13,450"
위스컴,024070,72.09K,"4,400"
STC,123260,0.00,0
세종머티리얼즈,135270,0.00,0
Korea Circuit Co,007815,2.54K,"7,090"
LX홀딩스1우,38380K,4.25K,"15,550"
TIGER 차이나CSI300레버리지,204480,185.60K,"30,700"
미래에셋맵스프런티어브라질,74401722,0.00,0
동양3우B,001529,1.53K,"38,100"
한국ANKOR유전,152550,255.73K,"1,550"
알티캐스트,085810,0.00,"3,025"
케이티스,058860,71.73K,"2,595"
Nh Prime,338100,16.55K,"4,820"
원풍,008370,0.00,"7,730"
국보,001140,1.79M,"1,515"
에너토크,019990,0.00,"8,870"
라닉스,317120,0.00,"9,280"
케이엠,083550,0.00,"8,910"
인카금융서비스,211050,0.00,"21,900"
현대사료,016790,0.00,"15,000"
에이씨티,131400,0.00,"2,065"
다원넥스뷰,323350,0.00,"71,000"
아이엘사이언스,307180,0.00,"4,075"
한네트,052600,0.00,"7,490"
인디에프,014990,371.76K,"1,670"
서암기계공업,100660,0.00,"7,170"
매커스,093520,0.00,"7,010"
코리아에셋투자증권,190650,0.00,"13,500"
영림원소프트랩,060850,0.00,"10,750"
희림,037440,0.00,"6,650"
EMW,079190,0.00,"2,780"
푸드웰,005670,0.00,"8,260"
금강철강,053260,0.00,"5,290"
삼진엘앤디,054090,0.00,"3,380"
로체시스템즈,071280,0.00,"5,680"
고려산업,002140,91.08K,"3,430"
모베이스,101330,0.00,"3,500"
쎄노텍,222420,0.00,"2,115"
푸른기술,094940,0.00,"11,800"
에스텍,069510,0.00,"10,200"
멜파스,096640,0.00,"2,300"
CS,065770,0.00,"4,355"
GMR 머티리얼즈,032860,0.00,"4,525"
플레이위드,023770,0.00,"10,050"
지엔코,065060,0.00,896
한프,066110,0.00,"1,130"
디알텍,214680,0.00,"1,490"
엘티씨,170920,0.00,"11,550"
쎌마테라퓨틱스,015540,0.00,"6,410"
투비소프트,079970,0.00,"2,290"
감마누,192410,0.00,"2,890"
원바이오젠,307280,0.00,"2,680"
위세아이텍,065370,0.00,"12,950"
그랜드백화점,019010,0.00,"2,070"
팜스웰바이오,043090,0.00,"2,010"
알로이스,297570,0.00,"4,965"
휴맥스홀딩스,028080,0.00,"7,400"
삼보산업,009620,0.00,"1,975"
인산가,277410,0.00,"2,560"
원바이오젠,278380,0.00,0
에이디테크놀로지,200710,0.00,"21,100"
유니테크노,241690,0.00,"11,550"
한양이엔지,045100,0.00,"16,150"
엔피씨,004250,1.32M,"6,940"
대한그린파워,060900,0.00,"1,675"
앱클론,174900,0.00,"17,850"
유니퀘스트,077500,62.65K,"10,600"
아모텍,052710,0.00,"28,800"
대한제분,001130,2.63K,"167,000"
예스24,053280,0.00,"11,150"
씨앤씨인터내셔널,352480,0.00,"29,050"
흥국화재2우B,000547,485.00,"29,600"
흥국화재우,000545,2.14K,"9,280"
제넨바이오,072520,0.00,"1,435"
제이에스코퍼레이션,194370,282.03K,"23,450"
아이리버,060570,0.00,"4,775"
일성건설,013360,5.96M,"5,040"
한국캐피탈,023760,0.00,897
Lemon,294140,0.00,"7,330"
AJ네트웍스,095570,131.10K,"5,920"
동부증권,016610,100.34K,"6,680"
아세아,002030,3.53K,"146,500"
백광산업,001340,8.85M,"6,440"
큐렉소,060280,0.00,"8,240"
포인트모바일,318020,0.00,"21,800"
서연 ,007860,373.52K,"13,200"
펩트론,087010,0.00,"13,250"
일신방직,003200,21.05K,"116,000"
넥센,005720,96.08K,"5,010"
프로텍,053610,0.00,"27,600"
아나패스,123860,0.00,"23,950"
민앤지,214180,0.00,"20,800"
F&F홀딩스,007700,90.12K,"38,550"
에치에프알,230240,0.00,"20,800"
삼영무역,002810,16.00K,"15,400"
Hancom Lifecare,372910,263.73K,"9,540"
용평리조트,070960,151.22K,"5,720"
종근당바이오,063160,28.69K,"48,100"
경보제약,214390,47.34K,"11,050"
키네마스터,139670,0.00,"20,250"
LS전선아시아,229640,206.59K,"8,750"
JW홀딩스,096760,44.15K,"4,005"
지노믹트리,228760,0.00,"13,000"
S&T홀딩스,036530,4.81K,"18,600"
도화엔지니어링,002150,22.12K,"8,090"
이녹스,088390,0.00,"29,850"
한국선재,025550,0.00,"10,450"
VT GMP,018290,0.00,"8,230"
에이비프로바이오,195990,0.00,"1,075"
KSS해운,044450,122.19K,"11,550"
이랜텍,054210,0.00,"10,150"
샘표식품,248170,5.11K,"47,950"
팜스코,036580,62.48K,"6,200"
레드캡투어,038390,0.00,"26,900"
우주일렉트로,065680,0.00,"25,900"
갤럭시아머니트리,094480,0.00,"5,900"
필옵틱스,161580,0.00,"10,250"
파멥신,208340,0.00,"8,160"
엘앤케이바이오,156100,0.00,"15,750"
GS 글로벌,001250,438.13K,"2,545"
백산,035150,352.96K,"8,880"
어보브반도체,102120,0.00,"12,850"
오성첨단소재,052420,0.00,"2,995"
아이비김영,339950,0.00,"4,410"
일신바이오,068330,0.00,"5,070"
부국증권,001270,6.36K,"24,900"
화일약품,061250,0.00,"3,260"
피플바이오,304840,0.00,"19,400"
참좋은여행,094850,0.00,"16,100"
인바이오젠,101140,727.10K,"4,630"
미코바이오메드,214610,0.00,"11,550"
삼화전기,009470,46.66K,"30,850"
현대상사,011760,38.72K,"17,900"
나노엔텍,039860,0.00,"7,780"
Yuhwa Securities Co,003465,144.00,"2,800"
디아이,003160,176.53K,"8,200"
청담러닝,096240,0.00,"28,650"
평화정공,043370,0.00,"10,100"
라온피플,300120,0.00,"21,250"
티비씨,033830,0.00,"2,275"
이엠코리아,095190,0.00,"4,760"
TCC스틸,002710,424.97K,"8,830"
퀀타매트릭스,317690,0.00,"14,000"
노브메타파마,229500,0.00,"23,150"
코오롱머티리얼,144620,0.00,"3,075"
미스터블루,207760,0.00,"8,430"
소마젠,950200,0.00,"10,750"
진로발효,018120,0.00,"31,750"
미래컴퍼니,049950,0.00,"26,900"
Amogreentech,125210,0.00,"12,700"
위드텍,348350,0.00,"20,400"
경농,002100,73.83K,"14,050"
이디티,215090,0.00,"2,690"
코세스,089890,0.00,"11,700"
일진전기,103590,376.83K,"5,580"
티에스아이,277880,0.00,"10,900"
알로이스,271400,0.00,0
우리바이오,082850,0.00,"4,880"
조광피혁,004700,1.63K,"56,600"
제주은행,006220,99.29K,"6,370"
러셀,217500,0.00,"3,700"
대유,290380,0.00,"7,740"
삼영화학,003720,452.81K,"3,180"
우원개발,046940,0.00,"6,260"
힘스,238490,0.00,"9,400"
인화정공,101930,0.00,"11,600"
SG 충방,001380,108.76K,"2,380"
세하,027970,192.03K,"1,860"
흥구석유,024060,0.00,"7,420"
에이치시티,072990,0.00,"16,000"
삼일기업공사,002290,0.00,"7,940"
아이에스이커머스,069920,0.00,"4,500"
정다운,208140,0.00,"3,290"
인터지스,129260,244.03K,"3,705"
네온테크,306620,0.00,"2,895"
위지트,036090,0.00,"1,200"
홈캐스트,064240,0.00,"3,235"
신영와코루,005800,757.00,"121,500"
에코플라스틱,038110,0.00,"4,400"
뉴프라이드,900100,0.00,"3,585"
선진 뷰티 사이언스,086710,0.00,"18,000"
정상제이엘에스,040420,0.00,"7,320"
세코닉스,053450,0.00,"9,830"
이글벳,044960,0.00,"8,490"
티웨이홀딩스,004870,4.50M,"1,455"
흥국,010240,0.00,"9,130"
고려제약,014570,0.00,"9,830"
우리산업,072470,0.00,"5,630"
제이티,089790,0.00,"10,700"
동운아나텍,094170,0.00,"6,040"
지투알,035000,17.63K,"6,710"
한국화장품제조,003350,5.75K,"29,850"
오로라,039830,0.00,"10,350"
에스넷,038680,0.00,"7,080"
삼현철강,017480,0.00,"6,700"
일성신약,003120,554.00,"80,600"
베스파,299910,0.00,"13,300"
호전실업,111110,55.78K,"14,350"
대봉엘에스,078140,0.00,"9,570"
삼양옵틱스,225190,0.00,"10,750"
소룩스,290690,0.00,"12,650"
한미글로벌,053690,68.64K,"11,000"
에코바이오,038870,0.00,"8,880"
에프앤가이드,064850,0.00,"9,240"
엔텔스,069410,0.00,"10,600"
애니플러스,310200,0.00,"3,760"
삼륭물산,014970,0.00,"6,990"
제일바이오,052670,0.00,"3,680"
한국가구,004590,0.00,"6,600"
동양파일,228340,0.00,"5,140"
